{
  "type": "FeatureCollection",
  "features": [
    {
      "type": "Feature",
      "properties": {
        "id": "pathway-312491",
        "sourceLayer": "S19093-0200S-Pathways and Service Access Roads$0$L-SECONDARY ROAD HATCH",
        "sourceObjectIndex": 312491,
        "sourceConfidence": "direct-geometry"
      },
      "geometry": {
        "type": "LineString",
        "coordinates": [
          [
            1247.559,
            529.967
          ],
          [
            1234.35,
            528.829
          ]
        ]
      }
    },
    {
      "type": "Feature",
      "properties": {
        "id": "pathway-312492",
        "sourceLayer": "S19093-0200S-Pathways and Service Access Roads$0$L-SECONDARY ROAD HATCH",
        "sourceObjectIndex": 312492,
        "sourceConfidence": "direct-geometry"
      },
      "geometry": {
        "type": "LineString",
        "coordinates": [
          [
            1234.35,
            528.829
          ],
          [
            1229.763,
            527.818
          ],
          [
            1226.514,
            526.257
          ],
          [
            1223.65,
            524.088
          ],
          [
            1221.322,
            521.46
          ]
        ]
      }
    },
    {
      "type": "Feature",
      "properties": {
        "id": "pathway-312493",
        "sourceLayer": "S19093-0200S-Pathways and Service Access Roads$0$L-SECONDARY ROAD HATCH",
        "sourceObjectIndex": 312493,
        "sourceConfidence": "direct-geometry"
      },
      "geometry": {
        "type": "LineString",
        "coordinates": [
          [
            1221.322,
            521.46
          ],
          [
            1207.084,
            501.818
          ]
        ]
      }
    },
    {
      "type": "Feature",
      "properties": {
        "id": "pathway-312494",
        "sourceLayer": "S19093-0200S-Pathways and Service Access Roads$0$L-SECONDARY ROAD HATCH",
        "sourceObjectIndex": 312494,
        "sourceConfidence": "direct-geometry"
      },
      "geometry": {
        "type": "LineString",
        "coordinates": [
          [
            1207.084,
            501.818
          ],
          [
            1204.371,
            497.204
          ],
          [
            1202.781,
            492.9
          ]
        ]
      }
    },
    {
      "type": "Feature",
      "properties": {
        "id": "pathway-312495",
        "sourceLayer": "S19093-0200S-Pathways and Service Access Roads$0$L-SECONDARY ROAD HATCH",
        "sourceObjectIndex": 312495,
        "sourceConfidence": "direct-geometry"
      },
      "geometry": {
        "type": "LineString",
        "coordinates": [
          [
            1202.781,
            492.9
          ],
          [
            1199.094,
            482.126
          ],
          [
            1196.784,
            476.911
          ],
          [
            1193.247,
            470.196
          ]
        ]
      }
    },
    {
      "type": "Feature",
      "properties": {
        "id": "pathway-312496",
        "sourceLayer": "S19093-0200S-Pathways and Service Access Roads$0$L-SECONDARY ROAD HATCH",
        "sourceObjectIndex": 312496,
        "sourceConfidence": "direct-geometry"
      },
      "geometry": {
        "type": "LineString",
        "coordinates": [
          [
            1193.247,
            470.196
          ],
          [
            1192.111,
            467.616
          ],
          [
            1191.543,
            464.676
          ],
          [
            1192.029,
            460.049
          ],
          [
            1194.083,
            455.93
          ],
          [
            1197.176,
            452.962
          ]
        ]
      }
    },
    {
      "type": "Feature",
      "properties": {
        "id": "pathway-312497",
        "sourceLayer": "S19093-0200S-Pathways and Service Access Roads$0$L-SECONDARY ROAD HATCH",
        "sourceObjectIndex": 312497,
        "sourceConfidence": "direct-geometry"
      },
      "geometry": {
        "type": "LineString",
        "coordinates": [
          [
            1197.176,
            452.962
          ],
          [
            1219.431,
            437.768
          ]
        ]
      }
    },
    {
      "type": "Feature",
      "properties": {
        "id": "pathway-312498",
        "sourceLayer": "S19093-0200S-Pathways and Service Access Roads$0$L-SECONDARY ROAD HATCH",
        "sourceObjectIndex": 312498,
        "sourceConfidence": "direct-geometry"
      },
      "geometry": {
        "type": "LineString",
        "coordinates": [
          [
            1219.431,
            437.768
          ],
          [
            1211.03,
            422.14
          ],
          [
            1201.215,
            407.273
          ],
          [
            1190.097,
            393.353
          ],
          [
            1177.819,
            380.545
          ]
        ]
      }
    },
    {
      "type": "Feature",
      "properties": {
        "id": "pathway-312499",
        "sourceLayer": "S19093-0200S-Pathways and Service Access Roads$0$L-SECONDARY ROAD HATCH",
        "sourceObjectIndex": 312499,
        "sourceConfidence": "direct-geometry"
      },
      "geometry": {
        "type": "LineString",
        "coordinates": [
          [
            1177.819,
            380.545
          ],
          [
            1168.937,
            372.48
          ],
          [
            1159.596,
            364.795
          ],
          [
            1149.821,
            357.528
          ],
          [
            1141.364,
            351.817
          ],
          [
            1130.869,
            345.405
          ],
          [
            1120.029,
            339.504
          ],
          [
            1108.882,
            334.14
          ],
          [
            1099.388,
            330.097
          ],
          [
            1089.732,
            326.454
          ],
          [
            1077.97,
            322.623
          ],
          [
            1066.058,
            319.393
          ],
          [
            1054.042,
            316.77
          ],
          [
            1043.983,
            315.05
          ],
          [
            1031.897,
            313.543
          ],
          [
            1019.835,
            312.637
          ],
          [
            1007.842,
            312.324
          ]
        ]
      }
    },
    {
      "type": "Feature",
      "properties": {
        "id": "pathway-312500",
        "sourceLayer": "S19093-0200S-Pathways and Service Access Roads$0$L-SECONDARY ROAD HATCH",
        "sourceObjectIndex": 312500,
        "sourceConfidence": "direct-geometry"
      },
      "geometry": {
        "type": "LineString",
        "coordinates": [
          [
            1007.842,
            312.324
          ],
          [
            1006.461,
            312.322
          ]
        ]
      }
    },
    {
      "type": "Feature",
      "properties": {
        "id": "pathway-312501",
        "sourceLayer": "S19093-0200S-Pathways and Service Access Roads$0$L-SECONDARY ROAD HATCH",
        "sourceObjectIndex": 312501,
        "sourceConfidence": "direct-geometry"
      },
      "geometry": {
        "type": "LineString",
        "coordinates": [
          [
            1006.461,
            312.322
          ],
          [
            1022.349,
            390.156
          ]
        ]
      }
    },
    {
      "type": "Feature",
      "properties": {
        "id": "pathway-312502",
        "sourceLayer": "S19093-0200S-Pathways and Service Access Roads$0$L-SECONDARY ROAD HATCH",
        "sourceObjectIndex": 312502,
        "sourceConfidence": "direct-geometry"
      },
      "geometry": {
        "type": "LineString",
        "coordinates": [
          [
            1022.349,
            390.156
          ],
          [
            1016.47,
            391.356
          ]
        ]
      }
    },
    {
      "type": "Feature",
      "properties": {
        "id": "pathway-312503",
        "sourceLayer": "S19093-0200S-Pathways and Service Access Roads$0$L-SECONDARY ROAD HATCH",
        "sourceObjectIndex": 312503,
        "sourceConfidence": "direct-geometry"
      },
      "geometry": {
        "type": "LineString",
        "coordinates": [
          [
            1016.47,
            391.356
          ],
          [
            1000.337,
            312.323
          ]
        ]
      }
    },
    {
      "type": "Feature",
      "properties": {
        "id": "pathway-312504",
        "sourceLayer": "S19093-0200S-Pathways and Service Access Roads$0$L-SECONDARY ROAD HATCH",
        "sourceObjectIndex": 312504,
        "sourceConfidence": "direct-geometry"
      },
      "geometry": {
        "type": "LineString",
        "coordinates": [
          [
            1000.337,
            312.323
          ],
          [
            960.75,
            312.762
          ],
          [
            923.15,
            313.865
          ],
          [
            883.598,
            315.749
          ],
          [
            844.096,
            318.372
          ]
        ]
      }
    },
    {
      "type": "Feature",
      "properties": {
        "id": "pathway-312505",
        "sourceLayer": "S19093-0200S-Pathways and Service Access Roads$0$L-SECONDARY ROAD HATCH",
        "sourceObjectIndex": 312505,
        "sourceConfidence": "direct-geometry"
      },
      "geometry": {
        "type": "LineString",
        "coordinates": [
          [
            844.096,
            318.372
          ],
          [
            832.825,
            318.912
          ],
          [
            819.661,
            318.75
          ]
        ]
      }
    },
    {
      "type": "Feature",
      "properties": {
        "id": "pathway-312506",
        "sourceLayer": "S19093-0200S-Pathways and Service Access Roads$0$L-SECONDARY ROAD HATCH",
        "sourceObjectIndex": 312506,
        "sourceConfidence": "direct-geometry"
      },
      "geometry": {
        "type": "LineString",
        "coordinates": [
          [
            819.661,
            318.75
          ],
          [
            816.057,
            318.025
          ]
        ]
      }
    },
    {
      "type": "Feature",
      "properties": {
        "id": "pathway-312507",
        "sourceLayer": "S19093-0200S-Pathways and Service Access Roads$0$L-SECONDARY ROAD HATCH",
        "sourceObjectIndex": 312507,
        "sourceConfidence": "direct-geometry"
      },
      "geometry": {
        "type": "LineString",
        "coordinates": [
          [
            816.057,
            318.025
          ],
          [
            816.819,
            311.72
          ]
        ]
      }
    },
    {
      "type": "Feature",
      "properties": {
        "id": "pathway-312508",
        "sourceLayer": "S19093-0200S-Pathways and Service Access Roads$0$L-SECONDARY ROAD HATCH",
        "sourceObjectIndex": 312508,
        "sourceConfidence": "direct-geometry"
      },
      "geometry": {
        "type": "LineString",
        "coordinates": [
          [
            816.819,
            311.72
          ],
          [
            818.424,
            312.494
          ],
          [
            819.93,
            312.756
          ]
        ]
      }
    },
    {
      "type": "Feature",
      "properties": {
        "id": "pathway-312509",
        "sourceLayer": "S19093-0200S-Pathways and Service Access Roads$0$L-SECONDARY ROAD HATCH",
        "sourceObjectIndex": 312509,
        "sourceConfidence": "direct-geometry"
      },
      "geometry": {
        "type": "LineString",
        "coordinates": [
          [
            819.93,
            312.756
          ],
          [
            830.878,
            312.942
          ],
          [
            843.642,
            312.389
          ]
        ]
      }
    },
    {
      "type": "Feature",
      "properties": {
        "id": "pathway-312510",
        "sourceLayer": "S19093-0200S-Pathways and Service Access Roads$0$L-SECONDARY ROAD HATCH",
        "sourceObjectIndex": 312510,
        "sourceConfidence": "direct-geometry"
      },
      "geometry": {
        "type": "LineString",
        "coordinates": [
          [
            843.642,
            312.389
          ],
          [
            883.073,
            309.769
          ],
          [
            920.579,
            307.96
          ],
          [
            960.086,
            306.774
          ],
          [
            999.602,
            306.326
          ]
        ]
      }
    },
    {
      "type": "Feature",
      "properties": {
        "id": "pathway-312511",
        "sourceLayer": "S19093-0200S-Pathways and Service Access Roads$0$L-SECONDARY ROAD HATCH",
        "sourceObjectIndex": 312511,
        "sourceConfidence": "direct-geometry"
      },
      "geometry": {
        "type": "LineString",
        "coordinates": [
          [
            999.602,
            306.326
          ],
          [
            999.696,
            298.042
          ],
          [
            1000.804,
            291.029
          ]
        ]
      }
    },
    {
      "type": "Feature",
      "properties": {
        "id": "pathway-312512",
        "sourceLayer": "S19093-0200S-Pathways and Service Access Roads$0$L-SECONDARY ROAD HATCH",
        "sourceObjectIndex": 312512,
        "sourceConfidence": "direct-geometry"
      },
      "geometry": {
        "type": "LineString",
        "coordinates": [
          [
            1000.804,
            291.029
          ],
          [
            1008.611,
            285.927
          ]
        ]
      }
    },
    {
      "type": "Feature",
      "properties": {
        "id": "pathway-312513",
        "sourceLayer": "S19093-0200S-Pathways and Service Access Roads$0$L-SECONDARY ROAD HATCH",
        "sourceObjectIndex": 312513,
        "sourceConfidence": "direct-geometry"
      },
      "geometry": {
        "type": "LineString",
        "coordinates": [
          [
            1008.611,
            285.927
          ],
          [
            1007.128,
            290.462
          ],
          [
            1006.107,
            295.152
          ],
          [
            1005.57,
            299.926
          ],
          [
            1005.614,
            306.292
          ]
        ]
      }
    },
    {
      "type": "Feature",
      "properties": {
        "id": "pathway-312514",
        "sourceLayer": "S19093-0200S-Pathways and Service Access Roads$0$L-SECONDARY ROAD HATCH",
        "sourceObjectIndex": 312514,
        "sourceConfidence": "direct-geometry"
      },
      "geometry": {
        "type": "LineString",
        "coordinates": [
          [
            1005.614,
            306.292
          ],
          [
            1007.853,
            306.324
          ]
        ]
      }
    },
    {
      "type": "Feature",
      "properties": {
        "id": "pathway-312515",
        "sourceLayer": "S19093-0200S-Pathways and Service Access Roads$0$L-SECONDARY ROAD HATCH",
        "sourceObjectIndex": 312515,
        "sourceConfidence": "direct-geometry"
      },
      "geometry": {
        "type": "LineString",
        "coordinates": [
          [
            1007.853,
            306.324
          ],
          [
            1019.875,
            306.632
          ],
          [
            1031.965,
            307.52
          ],
          [
            1044.082,
            308.999
          ],
          [
            1056.182,
            311.074
          ],
          [
            1068.222,
            313.746
          ],
          [
            1080.157,
            317.015
          ],
          [
            1091.944,
            320.872
          ],
          [
            1101.622,
            324.529
          ],
          [
            1111.143,
            328.578
          ],
          [
            1122.326,
            333.939
          ],
          [
            1133.209,
            339.829
          ],
          [
            1143.756,
            346.222
          ],
          [
            1153.933,
            353.088
          ],
          [
            1163.71,
            360.396
          ],
          [
            1173.06,
            368.113
          ],
          [
            1181.959,
            376.202
          ]
        ]
      }
    },
    {
      "type": "Feature",
      "properties": {
        "id": "pathway-312516",
        "sourceLayer": "S19093-0200S-Pathways and Service Access Roads$0$L-SECONDARY ROAD HATCH",
        "sourceObjectIndex": 312516,
        "sourceConfidence": "direct-geometry"
      },
      "geometry": {
        "type": "LineString",
        "coordinates": [
          [
            1181.959,
            376.202
          ],
          [
            1191.752,
            386.204
          ],
          [
            1199.626,
            395.354
          ],
          [
            1206.968,
            404.992
          ],
          [
            1213.735,
            415.071
          ],
          [
            1219.888,
            425.538
          ],
          [
            1226.249,
            438.164
          ],
          [
            1230.973,
            449.273
          ],
          [
            1235.614,
            462.479
          ]
        ]
      }
    },
    {
      "type": "Feature",
      "properties": {
        "id": "pathway-312517",
        "sourceLayer": "S19093-0200S-Pathways and Service Access Roads$0$L-SECONDARY ROAD HATCH",
        "sourceObjectIndex": 312517,
        "sourceConfidence": "direct-geometry"
      },
      "geometry": {
        "type": "LineString",
        "coordinates": [
          [
            1235.614,
            462.479
          ],
          [
            1243.936,
            490.79
          ],
          [
            1250.809,
            517.476
          ],
          [
            1256.806,
            544.372
          ],
          [
            1262.25,
            573.374
          ]
        ]
      }
    },
    {
      "type": "Feature",
      "properties": {
        "id": "pathway-312518",
        "sourceLayer": "S19093-0200S-Pathways and Service Access Roads$0$L-SECONDARY ROAD HATCH",
        "sourceObjectIndex": 312518,
        "sourceConfidence": "direct-geometry"
      },
      "geometry": {
        "type": "LineString",
        "coordinates": [
          [
            1262.25,
            573.374
          ],
          [
            1263.673,
            579.493
          ],
          [
            1265.875,
            585.515
          ],
          [
            1268.845,
            591.292
          ],
          [
            1271.228,
            594.936
          ],
          [
            1273.908,
            598.368
          ],
          [
            1278.417,
            603.044
          ],
          [
            1283.406,
            607.072
          ],
          [
            1288.738,
            610.394
          ],
          [
            1294.432,
            613.048
          ],
          [
            1300.53,
            615.029
          ],
          [
            1306.909,
            616.256
          ],
          [
            1311.248,
            616.628
          ],
          [
            1315.602,
            616.636
          ],
          [
            1322.063,
            615.97
          ],
          [
            1328.311,
            614.529
          ],
          [
            1334.215,
            612.381
          ]
        ]
      }
    },
    {
      "type": "Feature",
      "properties": {
        "id": "pathway-312519",
        "sourceLayer": "S19093-0200S-Pathways and Service Access Roads$0$L-SECONDARY ROAD HATCH",
        "sourceObjectIndex": 312519,
        "sourceConfidence": "direct-geometry"
      },
      "geometry": {
        "type": "LineString",
        "coordinates": [
          [
            1334.215,
            612.381
          ],
          [
            1341.405,
            609.609
          ],
          [
            1346.977,
            607.915
          ],
          [
            1354.587,
            606.198
          ],
          [
            1360.387,
            605.331
          ],
          [
            1372.075,
            604.7
          ],
          [
            1377.894,
            604.935
          ],
          [
            1385.551,
            605.805
          ]
        ]
      }
    },
    {
      "type": "Feature",
      "properties": {
        "id": "pathway-312520",
        "sourceLayer": "S19093-0200S-Pathways and Service Access Roads$0$L-SECONDARY ROAD HATCH",
        "sourceObjectIndex": 312520,
        "sourceConfidence": "direct-geometry"
      },
      "geometry": {
        "type": "LineString",
        "coordinates": [
          [
            1385.551,
            605.805
          ],
          [
            1389.669,
            606.704
          ],
          [
            1393.744,
            608.131
          ],
          [
            1397.676,
            610.085
          ],
          [
            1401.363,
            612.54
          ],
          [
            1404.715,
            615.445
          ],
          [
            1407.652,
            618.726
          ],
          [
            1410.122,
            622.294
          ],
          [
            1412.091,
            626.052
          ],
          [
            1414.149,
            632.031
          ],
          [
            1414.922,
            636.301
          ],
          [
            1415.16,
            640.698
          ],
          [
            1414.84,
            645.121
          ],
          [
            1413.965,
            649.464
          ],
          [
            1412.562,
            653.625
          ],
          [
            1410.686,
            657.514
          ],
          [
            1408.406,
            661.059
          ]
        ]
      }
    },
    {
      "type": "Feature",
      "properties": {
        "id": "pathway-312521",
        "sourceLayer": "S19093-0200S-Pathways and Service Access Roads$0$L-SECONDARY ROAD HATCH",
        "sourceObjectIndex": 312521,
        "sourceConfidence": "direct-geometry"
      },
      "geometry": {
        "type": "LineString",
        "coordinates": [
          [
            1408.406,
            661.059
          ],
          [
            1404.23,
            666.125
          ],
          [
            1399.389,
            670.77
          ],
          [
            1393.953,
            674.871
          ],
          [
            1388.019,
            678.318
          ],
          [
            1381.709,
            681.028
          ],
          [
            1375.164,
            682.95
          ],
          [
            1368.528,
            684.066
          ],
          [
            1359.779,
            684.334
          ],
          [
            1353.222,
            683.65
          ],
          [
            1346.657,
            682.176
          ],
          [
            1340.226,
            679.902
          ],
          [
            1334.072,
            676.853
          ],
          [
            1328.334,
            673.089
          ],
          [
            1323.128,
            668.699
          ],
          [
            1318.547,
            663.798
          ],
          [
            1314.652,
            658.513
          ]
        ]
      }
    },
    {
      "type": "Feature",
      "properties": {
        "id": "pathway-312522",
        "sourceLayer": "S19093-0200S-Pathways and Service Access Roads$0$L-SECONDARY ROAD HATCH",
        "sourceObjectIndex": 312522,
        "sourceConfidence": "direct-geometry"
      },
      "geometry": {
        "type": "LineString",
        "coordinates": [
          [
            1314.652,
            658.513
          ],
          [
            1312.266,
            655.255
          ],
          [
            1309.484,
            652.222
          ],
          [
            1306.342,
            649.486
          ],
          [
            1302.888,
            647.106
          ],
          [
            1299.187,
            645.132
          ],
          [
            1295.313,
            643.598
          ],
          [
            1291.342,
            642.52
          ],
          [
            1287.351,
            641.898
          ]
        ]
      }
    },
    {
      "type": "Feature",
      "properties": {
        "id": "pathway-312523",
        "sourceLayer": "S19093-0200S-Pathways and Service Access Roads$0$L-SECONDARY ROAD HATCH",
        "sourceObjectIndex": 312523,
        "sourceConfidence": "direct-geometry"
      },
      "geometry": {
        "type": "LineString",
        "coordinates": [
          [
            1287.351,
            641.898
          ],
          [
            1279.467,
            640.679
          ],
          [
            1273.582,
            639.195
          ],
          [
            1265.889,
            636.456
          ],
          [
            1260.313,
            633.848
          ],
          [
            1254.966,
            630.79
          ],
          [
            1248.286,
            626.068
          ],
          [
            1242.215,
            620.702
          ],
          [
            1236.838,
            614.808
          ]
        ]
      }
    },
    {
      "type": "Feature",
      "properties": {
        "id": "pathway-312524",
        "sourceLayer": "S19093-0200S-Pathways and Service Access Roads$0$L-SECONDARY ROAD HATCH",
        "sourceObjectIndex": 312524,
        "sourceConfidence": "direct-geometry"
      },
      "geometry": {
        "type": "LineString",
        "coordinates": [
          [
            1236.838,
            614.808
          ],
          [
            1234.322,
            612.208
          ],
          [
            1231.286,
            609.976
          ],
          [
            1227.816,
            608.256
          ],
          [
            1224.053,
            607.163
          ],
          [
            1218.244,
            606.809
          ],
          [
            1214.522,
            607.4
          ],
          [
            1211.094,
            608.557
          ]
        ]
      }
    },
    {
      "type": "Feature",
      "properties": {
        "id": "pathway-312525",
        "sourceLayer": "S19093-0200S-Pathways and Service Access Roads$0$L-SECONDARY ROAD HATCH",
        "sourceObjectIndex": 312525,
        "sourceConfidence": "direct-geometry"
      },
      "geometry": {
        "type": "LineString",
        "coordinates": [
          [
            1211.094,
            608.557
          ],
          [
            1204.091,
            610.892
          ],
          [
            1196.43,
            612.017
          ],
          [
            1188.438,
            611.718
          ],
          [
            1182.469,
            610.499
          ],
          [
            1174.888,
            607.584
          ],
          [
            1168.089,
            603.372
          ],
          [
            1162.361,
            598.162
          ],
          [
            1157.854,
            592.315
          ]
        ]
      }
    },
    {
      "type": "Feature",
      "properties": {
        "id": "pathway-312526",
        "sourceLayer": "S19093-0200S-Pathways and Service Access Roads$0$L-SECONDARY ROAD HATCH",
        "sourceObjectIndex": 312526,
        "sourceConfidence": "direct-geometry"
      },
      "geometry": {
        "type": "LineString",
        "coordinates": [
          [
            1157.854,
            592.315
          ],
          [
            1152.131,
            582.022
          ],
          [
            1147.726,
            570.997
          ],
          [
            1144.761,
            559.5
          ],
          [
            1143.29,
            547.815
          ]
        ]
      }
    },
    {
      "type": "Feature",
      "properties": {
        "id": "pathway-312527",
        "sourceLayer": "S19093-0200S-Pathways and Service Access Roads$0$L-SECONDARY ROAD HATCH",
        "sourceObjectIndex": 312527,
        "sourceConfidence": "direct-geometry"
      },
      "geometry": {
        "type": "LineString",
        "coordinates": [
          [
            1143.29,
            547.815
          ],
          [
            1142.905,
            534.302
          ],
          [
            1143.42,
            520.794
          ]
        ]
      }
    },
    {
      "type": "Feature",
      "properties": {
        "id": "pathway-312528",
        "sourceLayer": "S19093-0200S-Pathways and Service Access Roads$0$L-SECONDARY ROAD HATCH",
        "sourceObjectIndex": 312528,
        "sourceConfidence": "direct-geometry"
      },
      "geometry": {
        "type": "LineString",
        "coordinates": [
          [
            1143.42,
            520.794
          ],
          [
            1143.128,
            514.465
          ],
          [
            1142.088,
            510.285
          ],
          [
            1140.398,
            506.323
          ],
          [
            1136.816,
            501.097
          ],
          [
            1132.115,
            496.85
          ],
          [
            1128.415,
            494.645
          ],
          [
            1124.411,
            493.056
          ],
          [
            1118.178,
            491.921
          ]
        ]
      }
    },
    {
      "type": "Feature",
      "properties": {
        "id": "pathway-312529",
        "sourceLayer": "S19093-0200S-Pathways and Service Access Roads$0$L-SECONDARY ROAD HATCH",
        "sourceObjectIndex": 312529,
        "sourceConfidence": "direct-geometry"
      },
      "geometry": {
        "type": "LineString",
        "coordinates": [
          [
            1118.178,
            491.921
          ],
          [
            1108.492,
            491.949
          ],
          [
            1100.747,
            492.892
          ],
          [
            1093.143,
            494.645
          ],
          [
            1084.028,
            497.919
          ]
        ]
      }
    },
    {
      "type": "Feature",
      "properties": {
        "id": "pathway-312530",
        "sourceLayer": "S19093-0200S-Pathways and Service Access Roads$0$L-SECONDARY ROAD HATCH",
        "sourceObjectIndex": 312530,
        "sourceConfidence": "direct-geometry"
      },
      "geometry": {
        "type": "LineString",
        "coordinates": [
          [
            1084.028,
            497.919
          ],
          [
            1074.892,
            501.484
          ],
          [
            1065.425,
            504.361
          ],
          [
            1055.705,
            506.509
          ],
          [
            1045.817,
            507.899
          ],
          [
            1035.851,
            508.513
          ],
          [
            1025.898,
            508.35
          ],
          [
            1016.047,
            507.423
          ],
          [
            1006.383,
            505.755
          ]
        ]
      }
    },
    {
      "type": "Feature",
      "properties": {
        "id": "pathway-312531",
        "sourceLayer": "S19093-0200S-Pathways and Service Access Roads$0$L-SECONDARY ROAD HATCH",
        "sourceObjectIndex": 312531,
        "sourceConfidence": "direct-geometry"
      },
      "geometry": {
        "type": "LineString",
        "coordinates": [
          [
            1006.383,
            505.755
          ],
          [
            1002.116,
            505.473
          ],
          [
            999.872,
            505.818
          ],
          [
            995.548,
            507.568
          ],
          [
            991.97,
            510.562
          ],
          [
            990.61,
            512.38
          ],
          [
            988.854,
            516.28
          ],
          [
            988.269,
            520.517
          ],
          [
            988.454,
            522.779
          ],
          [
            989.893,
            527.217
          ],
          [
            992.625,
            530.998
          ],
          [
            994.342,
            532.483
          ],
          [
            998.107,
            534.512
          ]
        ]
      }
    },
    {
      "type": "Feature",
      "properties": {
        "id": "pathway-312532",
        "sourceLayer": "S19093-0200S-Pathways and Service Access Roads$0$L-SECONDARY ROAD HATCH",
        "sourceObjectIndex": 312532,
        "sourceConfidence": "direct-geometry"
      },
      "geometry": {
        "type": "LineString",
        "coordinates": [
          [
            998.107,
            534.512
          ],
          [
            1005.459,
            536.821
          ],
          [
            1013.095,
            538.446
          ],
          [
            1020.919,
            539.341
          ],
          [
            1028.824,
            539.481
          ],
          [
            1034.741,
            539.086
          ],
          [
            1042.526,
            537.902
          ],
          [
            1050.097,
            535.997
          ],
          [
            1057.359,
            533.419
          ]
        ]
      }
    },
    {
      "type": "Feature",
      "properties": {
        "id": "pathway-312533",
        "sourceLayer": "S19093-0200S-Pathways and Service Access Roads$0$L-SECONDARY ROAD HATCH",
        "sourceObjectIndex": 312533,
        "sourceConfidence": "direct-geometry"
      },
      "geometry": {
        "type": "LineString",
        "coordinates": [
          [
            1057.359,
            533.419
          ],
          [
            1062.696,
            531.594
          ],
          [
            1066.411,
            530.721
          ],
          [
            1072.138,
            529.967
          ],
          [
            1076.007,
            529.85
          ],
          [
            1079.873,
            530.045
          ],
          [
            1085.584,
            530.913
          ],
          [
            1089.281,
            531.861
          ],
          [
            1094.58,
            533.791
          ]
        ]
      }
    },
    {
      "type": "Feature",
      "properties": {
        "id": "pathway-312534",
        "sourceLayer": "S19093-0200S-Pathways and Service Access Roads$0$L-SECONDARY ROAD HATCH",
        "sourceObjectIndex": 312534,
        "sourceConfidence": "direct-geometry"
      },
      "geometry": {
        "type": "LineString",
        "coordinates": [
          [
            1094.58,
            533.791
          ],
          [
            1098.604,
            536.011
          ],
          [
            1100.492,
            537.444
          ],
          [
            1103.854,
            540.901
          ],
          [
            1105.268,
            542.883
          ],
          [
            1107.453,
            547.202
          ],
          [
            1108.199,
            549.471
          ],
          [
            1108.988,
            554.049
          ],
          [
            1108.891,
            558.604
          ],
          [
            1108.505,
            560.921
          ],
          [
            1107.021,
            565.484
          ],
          [
            1105.931,
            567.657
          ],
          [
            1104.624,
            569.711
          ],
          [
            1101.452,
            573.344
          ],
          [
            1099.643,
            574.876
          ],
          [
            1095.744,
            577.307
          ]
        ]
      }
    },
    {
      "type": "Feature",
      "properties": {
        "id": "pathway-312535",
        "sourceLayer": "S19093-0200S-Pathways and Service Access Roads$0$L-SECONDARY ROAD HATCH",
        "sourceObjectIndex": 312535,
        "sourceConfidence": "direct-geometry"
      },
      "geometry": {
        "type": "LineString",
        "coordinates": [
          [
            1095.744,
            577.307
          ],
          [
            1088.937,
            581.398
          ],
          [
            1082.79,
            586.588
          ],
          [
            1077.556,
            592.696
          ],
          [
            1073.415,
            599.473
          ]
        ]
      }
    },
    {
      "type": "Feature",
      "properties": {
        "id": "pathway-312536",
        "sourceLayer": "S19093-0200S-Pathways and Service Access Roads$0$L-SECONDARY ROAD HATCH",
        "sourceObjectIndex": 312536,
        "sourceConfidence": "direct-geometry"
      },
      "geometry": {
        "type": "LineString",
        "coordinates": [
          [
            1073.415,
            599.473
          ],
          [
            1069.577,
            606.149
          ],
          [
            1066.234,
            610.888
          ],
          [
            1062.526,
            615.348
          ],
          [
            1057.076,
            620.788
          ]
        ]
      }
    },
    {
      "type": "Feature",
      "properties": {
        "id": "pathway-312537",
        "sourceLayer": "S19093-0200S-Pathways and Service Access Roads$0$L-SECONDARY ROAD HATCH",
        "sourceObjectIndex": 312537,
        "sourceConfidence": "direct-geometry"
      },
      "geometry": {
        "type": "LineString",
        "coordinates": [
          [
            1057.076,
            620.788
          ],
          [
            1052.817,
            624.258
          ],
          [
            1048.085,
            627.396
          ],
          [
            1042.915,
            630.117
          ],
          [
            1039.251,
            631.658
          ],
          [
            1033.482,
            633.508
          ],
          [
            1027.462,
            634.748
          ],
          [
            1021.287,
            635.335
          ],
          [
            1017.139,
            635.351
          ],
          [
            1013.003,
            635.066
          ],
          [
            1006.894,
            634.084
          ],
          [
            1002.929,
            633.073
          ],
          [
            997.215,
            631.059
          ],
          [
            993.597,
            629.414
          ],
          [
            988.507,
            626.547
          ],
          [
            983.867,
            623.275
          ],
          [
            979.708,
            619.685
          ]
        ]
      }
    },
    {
      "type": "Feature",
      "properties": {
        "id": "pathway-312538",
        "sourceLayer": "S19093-0200S-Pathways and Service Access Roads$0$L-SECONDARY ROAD HATCH",
        "sourceObjectIndex": 312538,
        "sourceConfidence": "direct-geometry"
      },
      "geometry": {
        "type": "LineString",
        "coordinates": [
          [
            979.708,
            619.685
          ],
          [
            971.757,
            612.717
          ],
          [
            964.51,
            607.276
          ]
        ]
      }
    },
    {
      "type": "Feature",
      "properties": {
        "id": "pathway-312539",
        "sourceLayer": "S19093-0200S-Pathways and Service Access Roads$0$L-SECONDARY ROAD HATCH",
        "sourceObjectIndex": 312539,
        "sourceConfidence": "direct-geometry"
      },
      "geometry": {
        "type": "LineString",
        "coordinates": [
          [
            964.51,
            607.276
          ],
          [
            958.202,
            603.416
          ],
          [
            950.34,
            599.864
          ]
        ]
      }
    },
    {
      "type": "Feature",
      "properties": {
        "id": "pathway-312540",
        "sourceLayer": "S19093-0200S-Pathways and Service Access Roads$0$L-SECONDARY ROAD HATCH",
        "sourceObjectIndex": 312540,
        "sourceConfidence": "direct-geometry"
      },
      "geometry": {
        "type": "LineString",
        "coordinates": [
          [
            950.34,
            599.864
          ],
          [
            947.241,
            599.162
          ],
          [
            945.614,
            599.126
          ],
          [
            943.994,
            599.311
          ],
          [
            940.946,
            600.307
          ],
          [
            938.31,
            602.039
          ],
          [
            936.167,
            604.473
          ],
          [
            935.361,
            605.887
          ],
          [
            934.367,
            608.905
          ]
        ]
      }
    },
    {
      "type": "Feature",
      "properties": {
        "id": "pathway-312541",
        "sourceLayer": "S19093-0200S-Pathways and Service Access Roads$0$L-SECONDARY ROAD HATCH",
        "sourceObjectIndex": 312541,
        "sourceConfidence": "direct-geometry"
      },
      "geometry": {
        "type": "LineString",
        "coordinates": [
          [
            934.367,
            608.905
          ],
          [
            924.265,
            662.874
          ]
        ]
      }
    },
    {
      "type": "Feature",
      "properties": {
        "id": "pathway-312542",
        "sourceLayer": "S19093-0200S-Pathways and Service Access Roads$0$L-SECONDARY ROAD HATCH",
        "sourceObjectIndex": 312542,
        "sourceConfidence": "direct-geometry"
      },
      "geometry": {
        "type": "LineString",
        "coordinates": [
          [
            924.265,
            662.874
          ],
          [
            923.935,
            667.209
          ],
          [
            924.581,
            671.637
          ],
          [
            926.204,
            675.828
          ],
          [
            927.763,
            678.337
          ],
          [
            929.625,
            680.537
          ]
        ]
      }
    },
    {
      "type": "Feature",
      "properties": {
        "id": "pathway-312543",
        "sourceLayer": "S19093-0200S-Pathways and Service Access Roads$0$L-SECONDARY ROAD HATCH",
        "sourceObjectIndex": 312543,
        "sourceConfidence": "direct-geometry"
      },
      "geometry": {
        "type": "LineString",
        "coordinates": [
          [
            929.625,
            680.537
          ],
          [
            936.626,
            687.243
          ],
          [
            942.546,
            692.278
          ],
          [
            950.304,
            698.124
          ],
          [
            958.413,
            703.438
          ]
        ]
      }
    },
    {
      "type": "Feature",
      "properties": {
        "id": "pathway-312544",
        "sourceLayer": "S19093-0200S-Pathways and Service Access Roads$0$L-SECONDARY ROAD HATCH",
        "sourceObjectIndex": 312544,
        "sourceConfidence": "direct-geometry"
      },
      "geometry": {
        "type": "LineString",
        "coordinates": [
          [
            958.413,
            703.438
          ],
          [
            964.105,
            706.092
          ],
          [
            970.493,
            707.255
          ],
          [
            976.965,
            706.734
          ],
          [
            982.893,
            704.66
          ],
          [
            988.118,
            701.173
          ],
          [
            992.429,
            696.319
          ],
          [
            995.345,
            690.518
          ],
          [
            996.651,
            684.374
          ]
        ]
      }
    },
    {
      "type": "Feature",
      "properties": {
        "id": "pathway-312545",
        "sourceLayer": "S19093-0200S-Pathways and Service Access Roads$0$L-SECONDARY ROAD HATCH",
        "sourceObjectIndex": 312545,
        "sourceConfidence": "direct-geometry"
      },
      "geometry": {
        "type": "LineString",
        "coordinates": [
          [
            996.651,
            684.374
          ],
          [
            997.581,
            679.984
          ],
          [
            998.492,
            677.822
          ],
          [
            1001.183,
            673.866
          ],
          [
            1004.822,
            670.758
          ],
          [
            1006.871,
            669.616
          ],
          [
            1011.133,
            668.213
          ],
          [
            1015.611,
            667.907
          ],
          [
            1017.939,
            668.193
          ],
          [
            1022.48,
            669.7
          ],
          [
            1026.464,
            672.351
          ],
          [
            1028.122,
            674.01
          ],
          [
            1030.637,
            677.727
          ]
        ]
      }
    },
    {
      "type": "Feature",
      "properties": {
        "id": "pathway-312546",
        "sourceLayer": "S19093-0200S-Pathways and Service Access Roads$0$L-SECONDARY ROAD HATCH",
        "sourceObjectIndex": 312546,
        "sourceConfidence": "direct-geometry"
      },
      "geometry": {
        "type": "LineString",
        "coordinates": [
          [
            1030.637,
            677.727
          ],
          [
            1033.764,
            682.917
          ],
          [
            1036.309,
            686.173
          ],
          [
            1040.765,
            690.609
          ],
          [
            1044.107,
            693.192
          ],
          [
            1047.693,
            695.426
          ],
          [
            1053.402,
            698.058
          ],
          [
            1057.34,
            699.311
          ],
          [
            1063.294,
            700.434
          ]
        ]
      }
    },
    {
      "type": "Feature",
      "properties": {
        "id": "pathway-312547",
        "sourceLayer": "S19093-0200S-Pathways and Service Access Roads$0$L-SECONDARY ROAD HATCH",
        "sourceObjectIndex": 312547,
        "sourceConfidence": "direct-geometry"
      },
      "geometry": {
        "type": "LineString",
        "coordinates": [
          [
            1063.294,
            700.434
          ],
          [
            1069.258,
            701.53
          ],
          [
            1075.167,
            703.477
          ],
          [
            1080.84,
            706.273
          ],
          [
            1084.401,
            708.583
          ],
          [
            1087.73,
            711.218
          ],
          [
            1092.194,
            715.698
          ],
          [
            1095.929,
            720.673
          ],
          [
            1098.876,
            725.972
          ]
        ]
      }
    },
    {
      "type": "Feature",
      "properties": {
        "id": "pathway-312548",
        "sourceLayer": "S19093-0200S-Pathways and Service Access Roads$0$L-SECONDARY ROAD HATCH",
        "sourceObjectIndex": 312548,
        "sourceConfidence": "direct-geometry"
      },
      "geometry": {
        "type": "LineString",
        "coordinates": [
          [
            1098.876,
            725.972
          ],
          [
            1100.863,
            729.676
          ],
          [
            1103.311,
            733.198
          ],
          [
            1106.193,
            736.456
          ],
          [
            1109.46,
            739.372
          ],
          [
            1113.05,
            741.881
          ],
          [
            1116.883,
            743.936
          ],
          [
            1120.874,
            745.508
          ],
          [
            1124.935,
            746.591
          ],
          [
            1129.092,
            747.206
          ],
          [
            1133.38,
            747.343
          ],
          [
            1137.713,
            746.975
          ],
          [
            1142.003,
            746.093
          ],
          [
            1146.159,
            744.71
          ],
          [
            1150.095,
            742.86
          ],
          [
            1153.738,
            740.596
          ],
          [
            1157.03,
            737.983
          ]
        ]
      }
    },
    {
      "type": "Feature",
      "properties": {
        "id": "pathway-312549",
        "sourceLayer": "S19093-0200S-Pathways and Service Access Roads$0$L-SECONDARY ROAD HATCH",
        "sourceObjectIndex": 312549,
        "sourceConfidence": "direct-geometry"
      },
      "geometry": {
        "type": "LineString",
        "coordinates": [
          [
            1157.03,
            737.983
          ],
          [
            1179.503,
            717.963
          ]
        ]
      }
    },
    {
      "type": "Feature",
      "properties": {
        "id": "pathway-312550",
        "sourceLayer": "S19093-0200S-Pathways and Service Access Roads$0$L-SECONDARY ROAD HATCH",
        "sourceObjectIndex": 312550,
        "sourceConfidence": "direct-geometry"
      },
      "geometry": {
        "type": "LineString",
        "coordinates": [
          [
            1179.503,
            717.963
          ],
          [
            1182.83,
            715.418
          ],
          [
            1186.617,
            713.346
          ],
          [
            1192.912,
            711.361
          ],
          [
            1199.497,
            710.904
          ],
          [
            1203.779,
            711.447
          ],
          [
            1207.807,
            712.597
          ],
          [
            1211.619,
            714.335
          ],
          [
            1215.23,
            716.7
          ],
          [
            1219.945,
            721.32
          ],
          [
            1223.447,
            726.915
          ],
          [
            1224.984,
            730.949
          ],
          [
            1225.865,
            735.044
          ]
        ]
      }
    },
    {
      "type": "Feature",
      "properties": {
        "id": "pathway-312551",
        "sourceLayer": "S19093-0200S-Pathways and Service Access Roads$0$L-SECONDARY ROAD HATCH",
        "sourceObjectIndex": 312551,
        "sourceConfidence": "direct-geometry"
      },
      "geometry": {
        "type": "LineString",
        "coordinates": [
          [
            1225.865,
            735.044
          ],
          [
            1227.493,
            746.849
          ]
        ]
      }
    },
    {
      "type": "Feature",
      "properties": {
        "id": "pathway-312552",
        "sourceLayer": "S19093-0200S-Pathways and Service Access Roads$0$L-SECONDARY ROAD HATCH",
        "sourceObjectIndex": 312552,
        "sourceConfidence": "direct-geometry"
      },
      "geometry": {
        "type": "LineString",
        "coordinates": [
          [
            1227.493,
            746.849
          ],
          [
            1227.988,
            754.626
          ],
          [
            1227.294,
            762.657
          ],
          [
            1225.332,
            770.666
          ],
          [
            1223.031,
            776.478
          ],
          [
            1218.927,
            783.733
          ],
          [
            1213.797,
            790.189
          ],
          [
            1207.874,
            795.657
          ],
          [
            1201.423,
            800.03
          ]
        ]
      }
    },
    {
      "type": "Feature",
      "properties": {
        "id": "pathway-312553",
        "sourceLayer": "S19093-0200S-Pathways and Service Access Roads$0$L-SECONDARY ROAD HATCH",
        "sourceObjectIndex": 312553,
        "sourceConfidence": "direct-geometry"
      },
      "geometry": {
        "type": "LineString",
        "coordinates": [
          [
            1201.423,
            800.03
          ],
          [
            1197.765,
            802.485
          ],
          [
            1194.386,
            805.514
          ],
          [
            1191.418,
            809.063
          ],
          [
            1188.972,
            813.041
          ],
          [
            1186.458,
            819.542
          ],
          [
            1185.602,
            824.025
          ],
          [
            1185.39,
            828.462
          ],
          [
            1185.785,
            832.823
          ],
          [
            1186.809,
            837.213
          ],
          [
            1188.483,
            841.507
          ],
          [
            1190.788,
            845.562
          ],
          [
            1193.661,
            849.243
          ],
          [
            1197.006,
            852.44
          ],
          [
            1200.701,
            855.073
          ],
          [
            1204.61,
            857.106
          ]
        ]
      }
    },
    {
      "type": "Feature",
      "properties": {
        "id": "pathway-312554",
        "sourceLayer": "S19093-0200S-Pathways and Service Access Roads$0$L-SECONDARY ROAD HATCH",
        "sourceObjectIndex": 312554,
        "sourceConfidence": "direct-geometry"
      },
      "geometry": {
        "type": "LineString",
        "coordinates": [
          [
            1204.61,
            857.106
          ],
          [
            1211.84,
            859.638
          ],
          [
            1217.606,
            860.846
          ],
          [
            1225.563,
            861.428
          ],
          [
            1231.582,
            861.055
          ],
          [
            1237.51,
            859.99
          ],
          [
            1243.232,
            858.263
          ],
          [
            1248.641,
            855.928
          ],
          [
            1255.22,
            852.004
          ]
        ]
      }
    },
    {
      "type": "Feature",
      "properties": {
        "id": "pathway-312555",
        "sourceLayer": "S19093-0200S-Pathways and Service Access Roads$0$L-SECONDARY ROAD HATCH",
        "sourceObjectIndex": 312555,
        "sourceConfidence": "direct-geometry"
      },
      "geometry": {
        "type": "LineString",
        "coordinates": [
          [
            1255.22,
            852.004
          ],
          [
            1265.005,
            845.505
          ],
          [
            1275.192,
            839.458
          ],
          [
            1285.75,
            833.899
          ],
          [
            1294.807,
            829.662
          ],
          [
            1305.951,
            825.078
          ],
          [
            1315.439,
            821.691
          ],
          [
            1327.03,
            818.167
          ],
          [
            1336.828,
            815.692
          ],
          [
            1346.723,
            813.644
          ],
          [
            1358.686,
            811.757
          ],
          [
            1368.696,
            810.663
          ],
          [
            1380.715,
            809.925
          ],
          [
            1390.703,
            809.784
          ],
          [
            1402.616,
            810.177
          ],
          [
            1412.451,
            810.962
          ],
          [
            1424.104,
            812.439
          ]
        ]
      }
    },
    {
      "type": "Feature",
      "properties": {
        "id": "pathway-312556",
        "sourceLayer": "S19093-0200S-Pathways and Service Access Roads$0$L-SECONDARY ROAD HATCH",
        "sourceObjectIndex": 312556,
        "sourceConfidence": "direct-geometry"
      },
      "geometry": {
        "type": "LineString",
        "coordinates": [
          [
            1424.104,
            812.439
          ],
          [
            1449.204,
            815.557
          ],
          [
            1472.492,
            817.199
          ]
        ]
      }
    },
    {
      "type": "Feature",
      "properties": {
        "id": "pathway-312557",
        "sourceLayer": "S19093-0200S-Pathways and Service Access Roads$0$L-SECONDARY ROAD HATCH",
        "sourceObjectIndex": 312557,
        "sourceConfidence": "direct-geometry"
      },
      "geometry": {
        "type": "LineString",
        "coordinates": [
          [
            1472.492,
            817.199
          ],
          [
            1486.074,
            818.244
          ],
          [
            1499.562,
            820.156
          ]
        ]
      }
    },
    {
      "type": "Feature",
      "properties": {
        "id": "pathway-312558",
        "sourceLayer": "S19093-0200S-Pathways and Service Access Roads$0$L-SECONDARY ROAD HATCH",
        "sourceObjectIndex": 312558,
        "sourceConfidence": "direct-geometry"
      },
      "geometry": {
        "type": "LineString",
        "coordinates": [
          [
            1499.562,
            820.156
          ],
          [
            1504.0,
            821.54
          ],
          [
            1506.133,
            822.703
          ],
          [
            1509.9,
            825.906
          ],
          [
            1512.643,
            829.993
          ],
          [
            1513.55,
            832.216
          ],
          [
            1514.429,
            836.722
          ],
          [
            1514.115,
            841.434
          ],
          [
            1512.494,
            846.081
          ],
          [
            1509.66,
            850.133
          ],
          [
            1507.891,
            851.798
          ],
          [
            1503.947,
            854.26
          ]
        ]
      }
    },
    {
      "type": "Feature",
      "properties": {
        "id": "pathway-312559",
        "sourceLayer": "S19093-0200S-Pathways and Service Access Roads$0$L-SECONDARY ROAD HATCH",
        "sourceObjectIndex": 312559,
        "sourceConfidence": "direct-geometry"
      },
      "geometry": {
        "type": "LineString",
        "coordinates": [
          [
            1503.947,
            854.26
          ],
          [
            1491.342,
            859.355
          ],
          [
            1478.18,
            863.35
          ],
          [
            1464.609,
            866.164
          ],
          [
            1452.773,
            867.593
          ],
          [
            1440.861,
            868.096
          ],
          [
            1427.014,
            867.513
          ],
          [
            1413.379,
            865.697
          ],
          [
            1400.116,
            862.707
          ]
        ]
      }
    },
    {
      "type": "Feature",
      "properties": {
        "id": "pathway-312560",
        "sourceLayer": "S19093-0200S-Pathways and Service Access Roads$0$L-SECONDARY ROAD HATCH",
        "sourceObjectIndex": 312560,
        "sourceConfidence": "direct-geometry"
      },
      "geometry": {
        "type": "LineString",
        "coordinates": [
          [
            1400.116,
            862.707
          ],
          [
            1390.931,
            860.547
          ],
          [
            1381.435,
            859.015
          ],
          [
            1371.689,
            858.161
          ],
          [
            1361.766,
            858.023
          ],
          [
            1351.745,
            858.631
          ],
          [
            1341.708,
            860.003
          ],
          [
            1331.744,
            862.144
          ],
          [
            1321.941,
            865.047
          ],
          [
            1312.385,
            868.691
          ],
          [
            1303.158,
            873.04
          ],
          [
            1294.336,
            878.049
          ],
          [
            1285.987,
            883.661
          ],
          [
            1278.167,
            889.812
          ],
          [
            1270.923,
            896.431
          ],
          [
            1264.287,
            903.442
          ],
          [
            1257.158,
            912.266
          ]
        ]
      }
    },
    {
      "type": "Feature",
      "properties": {
        "id": "pathway-312561",
        "sourceLayer": "S19093-0200S-Pathways and Service Access Roads$0$L-SECONDARY ROAD HATCH",
        "sourceObjectIndex": 312561,
        "sourceConfidence": "direct-geometry"
      },
      "geometry": {
        "type": "LineString",
        "coordinates": [
          [
            1257.158,
            912.266
          ],
          [
            1250.967,
            919.944
          ],
          [
            1245.52,
            925.749
          ],
          [
            1238.142,
            932.51
          ],
          [
            1231.827,
            937.471
          ],
          [
            1225.189,
            941.997
          ],
          [
            1216.509,
            946.996
          ],
          [
            1207.495,
            951.225
          ],
          [
            1198.249,
            954.656
          ]
        ]
      }
    },
    {
      "type": "Feature",
      "properties": {
        "id": "pathway-312562",
        "sourceLayer": "S19093-0200S-Pathways and Service Access Roads$0$L-SECONDARY ROAD HATCH",
        "sourceObjectIndex": 312562,
        "sourceConfidence": "direct-geometry"
      },
      "geometry": {
        "type": "LineString",
        "coordinates": [
          [
            1198.249,
            954.656
          ],
          [
            1183.351,
            960.165
          ],
          [
            1168.9,
            966.88
          ],
          [
            1155.038,
            974.741
          ],
          [
            1141.899,
            983.666
          ]
        ]
      }
    },
    {
      "type": "Feature",
      "properties": {
        "id": "pathway-312563",
        "sourceLayer": "S19093-0200S-Pathways and Service Access Roads$0$L-SECONDARY ROAD HATCH",
        "sourceObjectIndex": 312563,
        "sourceConfidence": "direct-geometry"
      },
      "geometry": {
        "type": "LineString",
        "coordinates": [
          [
            1141.899,
            983.666
          ],
          [
            1130.533,
            991.273
          ],
          [
            1118.446,
            997.803
          ],
          [
            1105.794,
            1003.159
          ],
          [
            1092.752,
            1007.277
          ]
        ]
      }
    },
    {
      "type": "Feature",
      "properties": {
        "id": "pathway-312564",
        "sourceLayer": "S19093-0200S-Pathways and Service Access Roads$0$L-SECONDARY ROAD HATCH",
        "sourceObjectIndex": 312564,
        "sourceConfidence": "direct-geometry"
      },
      "geometry": {
        "type": "LineString",
        "coordinates": [
          [
            1092.752,
            1007.277
          ],
          [
            1085.013,
            1009.06
          ],
          [
            1077.127,
            1010.346
          ],
          [
            1063.119,
            1011.357
          ],
          [
            1055.084,
            1011.215
          ],
          [
            1047.089,
            1010.549
          ],
          [
            1039.187,
            1009.37
          ],
          [
            1031.424,
            1007.691
          ]
        ]
      }
    },
    {
      "type": "Feature",
      "properties": {
        "id": "pathway-312565",
        "sourceLayer": "S19093-0200S-Pathways and Service Access Roads$0$L-SECONDARY ROAD HATCH",
        "sourceObjectIndex": 312565,
        "sourceConfidence": "direct-geometry"
      },
      "geometry": {
        "type": "LineString",
        "coordinates": [
          [
            1031.424,
            1007.691
          ],
          [
            1023.758,
            1006.072
          ],
          [
            1015.927,
            1005.016
          ],
          [
            1007.995,
            1004.546
          ],
          [
            1000.028,
            1004.672
          ],
          [
            992.093,
            1005.396
          ],
          [
            984.256,
            1006.71
          ],
          [
            976.583,
            1008.596
          ],
          [
            969.133,
            1011.024
          ]
        ]
      }
    },
    {
      "type": "Feature",
      "properties": {
        "id": "pathway-312566",
        "sourceLayer": "S19093-0200S-Pathways and Service Access Roads$0$L-SECONDARY ROAD HATCH",
        "sourceObjectIndex": 312566,
        "sourceConfidence": "direct-geometry"
      },
      "geometry": {
        "type": "LineString",
        "coordinates": [
          [
            969.133,
            1011.024
          ],
          [
            962.847,
            1014.033
          ],
          [
            958.876,
            1016.786
          ],
          [
            953.558,
            1021.962
          ],
          [
            950.603,
            1026.01
          ],
          [
            948.224,
            1030.414
          ],
          [
            946.476,
            1035.05
          ],
          [
            945.379,
            1039.786
          ],
          [
            944.909,
            1046.799
          ],
          [
            945.75,
            1053.666
          ],
          [
            947.078,
            1058.278
          ],
          [
            950.263,
            1064.95
          ],
          [
            953.143,
            1069.043
          ],
          [
            956.554,
            1072.715
          ],
          [
            962.445,
            1077.23
          ],
          [
            966.712,
            1079.496
          ],
          [
            973.309,
            1081.744
          ]
        ]
      }
    },
    {
      "type": "Feature",
      "properties": {
        "id": "pathway-312567",
        "sourceLayer": "S19093-0200S-Pathways and Service Access Roads$0$L-SECONDARY ROAD HATCH",
        "sourceObjectIndex": 312567,
        "sourceConfidence": "direct-geometry"
      },
      "geometry": {
        "type": "LineString",
        "coordinates": [
          [
            973.309,
            1081.744
          ],
          [
            981.49,
            1083.937
          ],
          [
            990.864,
            1087.062
          ]
        ]
      }
    },
    {
      "type": "Feature",
      "properties": {
        "id": "pathway-312568",
        "sourceLayer": "S19093-0200S-Pathways and Service Access Roads$0$L-SECONDARY ROAD HATCH",
        "sourceObjectIndex": 312568,
        "sourceConfidence": "direct-geometry"
      },
      "geometry": {
        "type": "LineString",
        "coordinates": [
          [
            990.864,
            1087.062
          ],
          [
            997.507,
            1089.9
          ],
          [
            1004.056,
            1093.515
          ],
          [
            1010.38,
            1097.921
          ],
          [
            1014.895,
            1101.737
          ],
          [
            1020.499,
            1107.476
          ],
          [
            1024.318,
            1112.23
          ],
          [
            1027.752,
            1117.327
          ],
          [
            1030.757,
            1122.717
          ],
          [
            1033.297,
            1128.345
          ],
          [
            1035.918,
            1136.113
          ],
          [
            1037.293,
            1142.055
          ],
          [
            1038.339,
            1150.007
          ],
          [
            1038.547,
            1155.915
          ],
          [
            1038.1,
            1163.61
          ],
          [
            1036.893,
            1170.992
          ],
          [
            1035.015,
            1177.968
          ]
        ]
      }
    },
    {
      "type": "Feature",
      "properties": {
        "id": "pathway-312569",
        "sourceLayer": "S19093-0200S-Pathways and Service Access Roads$0$L-SECONDARY ROAD HATCH",
        "sourceObjectIndex": 312569,
        "sourceConfidence": "direct-geometry"
      },
      "geometry": {
        "type": "LineString",
        "coordinates": [
          [
            1035.015,
            1177.968
          ],
          [
            1031.792,
            1186.96
          ],
          [
            1027.993,
            1195.748
          ],
          [
            1023.641,
            1204.277
          ],
          [
            1017.727,
            1214.099
          ]
        ]
      }
    },
    {
      "type": "Feature",
      "properties": {
        "id": "pathway-312570",
        "sourceLayer": "S19093-0200S-Pathways and Service Access Roads$0$L-SECONDARY ROAD HATCH",
        "sourceObjectIndex": 312570,
        "sourceConfidence": "direct-geometry"
      },
      "geometry": {
        "type": "LineString",
        "coordinates": [
          [
            1017.727,
            1214.099
          ],
          [
            1013.023,
            1220.524
          ],
          [
            1009.027,
            1225.053
          ],
          [
            1004.66,
            1229.281
          ],
          [
            999.958,
            1233.162
          ],
          [
            994.963,
            1236.659
          ],
          [
            989.725,
            1239.742
          ],
          [
            984.294,
            1242.386
          ],
          [
            976.848,
            1245.207
          ]
        ]
      }
    },
    {
      "type": "Feature",
      "properties": {
        "id": "pathway-312571",
        "sourceLayer": "S19093-0200S-Pathways and Service Access Roads$0$L-SECONDARY ROAD HATCH",
        "sourceObjectIndex": 312571,
        "sourceConfidence": "direct-geometry"
      },
      "geometry": {
        "type": "LineString",
        "coordinates": [
          [
            976.848,
            1245.207
          ],
          [
            969.32,
            1247.859
          ],
          [
            961.92,
            1250.948
          ],
          [
            954.686,
            1254.464
          ],
          [
            947.654,
            1258.393
          ],
          [
            935.939,
            1266.204
          ],
          [
            929.636,
            1271.161
          ],
          [
            923.653,
            1276.443
          ]
        ]
      }
    },
    {
      "type": "Feature",
      "properties": {
        "id": "pathway-312572",
        "sourceLayer": "S19093-0200S-Pathways and Service Access Roads$0$L-SECONDARY ROAD HATCH",
        "sourceObjectIndex": 312572,
        "sourceConfidence": "direct-geometry"
      },
      "geometry": {
        "type": "LineString",
        "coordinates": [
          [
            923.653,
            1276.443
          ],
          [
            917.642,
            1281.418
          ],
          [
            912.684,
            1284.706
          ],
          [
            907.397,
            1287.551
          ],
          [
            901.841,
            1289.906
          ],
          [
            896.087,
            1291.737
          ],
          [
            888.235,
            1293.328
          ],
          [
            882.312,
            1293.878
          ],
          [
            874.51,
            1293.774
          ]
        ]
      }
    },
    {
      "type": "Feature",
      "properties": {
        "id": "pathway-312573",
        "sourceLayer": "S19093-0200S-Pathways and Service Access Roads$0$L-SECONDARY ROAD HATCH",
        "sourceObjectIndex": 312573,
        "sourceConfidence": "direct-geometry"
      },
      "geometry": {
        "type": "LineString",
        "coordinates": [
          [
            874.51,
            1293.774
          ],
          [
            866.913,
            1292.862
          ],
          [
            861.269,
            1291.716
          ],
          [
            853.891,
            1289.584
          ],
          [
            846.768,
            1286.791
          ]
        ]
      }
    },
    {
      "type": "Feature",
      "properties": {
        "id": "pathway-312574",
        "sourceLayer": "S19093-0200S-Pathways and Service Access Roads$0$L-SECONDARY ROAD HATCH",
        "sourceObjectIndex": 312574,
        "sourceConfidence": "direct-geometry"
      },
      "geometry": {
        "type": "LineString",
        "coordinates": [
          [
            846.768,
            1286.791
          ],
          [
            834.491,
            1282.139
          ],
          [
            827.254,
            1280.124
          ],
          [
            819.914,
            1278.592
          ]
        ]
      }
    },
    {
      "type": "Feature",
      "properties": {
        "id": "pathway-312575",
        "sourceLayer": "S19093-0200S-Pathways and Service Access Roads$0$L-SECONDARY ROAD HATCH",
        "sourceObjectIndex": 312575,
        "sourceConfidence": "direct-geometry"
      },
      "geometry": {
        "type": "LineString",
        "coordinates": [
          [
            819.914,
            1278.592
          ],
          [
            812.28,
            1277.803
          ],
          [
            806.409,
            1277.921
          ],
          [
            800.522,
            1278.676
          ],
          [
            794.723,
            1280.07
          ],
          [
            789.114,
            1282.081
          ],
          [
            783.792,
            1284.667
          ],
          [
            778.838,
            1287.767
          ],
          [
            774.32,
            1291.307
          ]
        ]
      }
    },
    {
      "type": "Feature",
      "properties": {
        "id": "pathway-312576",
        "sourceLayer": "S19093-0200S-Pathways and Service Access Roads$0$L-SECONDARY ROAD HATCH",
        "sourceObjectIndex": 312576,
        "sourceConfidence": "direct-geometry"
      },
      "geometry": {
        "type": "LineString",
        "coordinates": [
          [
            774.32,
            1291.307
          ],
          [
            766.998,
            1297.148
          ],
          [
            760.651,
            1301.441
          ],
          [
            753.896,
            1305.335
          ],
          [
            746.772,
            1308.778
          ],
          [
            737.417,
            1312.376
          ],
          [
            729.637,
            1314.64
          ],
          [
            721.661,
            1316.323
          ],
          [
            713.555,
            1317.403
          ],
          [
            705.387,
            1317.865
          ],
          [
            697.229,
            1317.71
          ],
          [
            689.148,
            1316.944
          ],
          [
            679.259,
            1315.159
          ],
          [
            671.591,
            1313.104
          ],
          [
            662.399,
            1309.812
          ],
          [
            655.417,
            1306.656
          ],
          [
            647.212,
            1302.137
          ]
        ]
      }
    },
    {
      "type": "Feature",
      "properties": {
        "id": "pathway-312577",
        "sourceLayer": "S19093-0200S-Pathways and Service Access Roads$0$L-SECONDARY ROAD HATCH",
        "sourceObjectIndex": 312577,
        "sourceConfidence": "direct-geometry"
      },
      "geometry": {
        "type": "LineString",
        "coordinates": [
          [
            647.212,
            1302.137
          ],
          [
            637.265,
            1295.781
          ],
          [
            627.577,
            1288.979
          ],
          [
            618.179,
            1281.746
          ],
          [
            609.098,
            1274.102
          ],
          [
            601.793,
            1267.433
          ],
          [
            593.362,
            1259.093
          ],
          [
            585.318,
            1250.408
          ],
          [
            577.683,
            1241.406
          ]
        ]
      }
    },
    {
      "type": "Feature",
      "properties": {
        "id": "pathway-312578",
        "sourceLayer": "S19093-0200S-Pathways and Service Access Roads$0$L-SECONDARY ROAD HATCH",
        "sourceObjectIndex": 312578,
        "sourceConfidence": "direct-geometry"
      },
      "geometry": {
        "type": "LineString",
        "coordinates": [
          [
            577.683,
            1241.406
          ],
          [
            572.438,
            1235.447
          ],
          [
            568.167,
            1231.234
          ],
          [
            562.061,
            1226.01
          ],
          [
            557.202,
            1222.418
          ],
          [
            552.134,
            1219.129
          ],
          [
            545.099,
            1215.246
          ],
          [
            539.655,
            1212.726
          ],
          [
            532.234,
            1209.906
          ]
        ]
      }
    },
    {
      "type": "Feature",
      "properties": {
        "id": "pathway-312579",
        "sourceLayer": "S19093-0200S-Pathways and Service Access Roads$0$L-SECONDARY ROAD HATCH",
        "sourceObjectIndex": 312579,
        "sourceConfidence": "direct-geometry"
      },
      "geometry": {
        "type": "LineString",
        "coordinates": [
          [
            532.234,
            1209.906
          ],
          [
            524.655,
            1207.809
          ],
          [
            516.846,
            1206.523
          ],
          [
            508.939,
            1206.078
          ],
          [
            499.122,
            1206.706
          ]
        ]
      }
    },
    {
      "type": "Feature",
      "properties": {
        "id": "pathway-312580",
        "sourceLayer": "S19093-0200S-Pathways and Service Access Roads$0$L-SECONDARY ROAD HATCH",
        "sourceObjectIndex": 312580,
        "sourceConfidence": "direct-geometry"
      },
      "geometry": {
        "type": "LineString",
        "coordinates": [
          [
            499.122,
            1206.706
          ],
          [
            489.289,
            1207.708
          ],
          [
            481.359,
            1208.099
          ],
          [
            471.412,
            1208.07
          ],
          [
            463.456,
            1207.629
          ],
          [
            447.661,
            1205.641
          ],
          [
            439.873,
            1204.103
          ],
          [
            430.289,
            1201.686
          ]
        ]
      }
    },
    {
      "type": "Feature",
      "properties": {
        "id": "pathway-312581",
        "sourceLayer": "S19093-0200S-Pathways and Service Access Roads$0$L-SECONDARY ROAD HATCH",
        "sourceObjectIndex": 312581,
        "sourceConfidence": "direct-geometry"
      },
      "geometry": {
        "type": "LineString",
        "coordinates": [
          [
            430.289,
            1201.686
          ],
          [
            417.392,
            1197.212
          ],
          [
            406.757,
            1192.185
          ],
          [
            396.68,
            1186.126
          ],
          [
            387.304,
            1179.134
          ]
        ]
      }
    },
    {
      "type": "Feature",
      "properties": {
        "id": "pathway-312582",
        "sourceLayer": "S19093-0200S-Pathways and Service Access Roads$0$L-SECONDARY ROAD HATCH",
        "sourceObjectIndex": 312582,
        "sourceConfidence": "direct-geometry"
      },
      "geometry": {
        "type": "LineString",
        "coordinates": [
          [
            387.304,
            1179.134
          ],
          [
            382.725,
            1175.854
          ],
          [
            379.382,
            1174.001
          ],
          [
            372.171,
            1171.243
          ],
          [
            364.57,
            1169.886
          ],
          [
            360.75,
            1169.749
          ],
          [
            355.136,
            1170.197
          ]
        ]
      }
    },
    {
      "type": "Feature",
      "properties": {
        "id": "pathway-312583",
        "sourceLayer": "S19093-0200S-Pathways and Service Access Roads$0$L-SECONDARY ROAD HATCH",
        "sourceObjectIndex": 312583,
        "sourceConfidence": "direct-geometry"
      },
      "geometry": {
        "type": "LineString",
        "coordinates": [
          [
            355.136,
            1170.197
          ],
          [
            345.377,
            1170.927
          ],
          [
            337.338,
            1170.448
          ],
          [
            327.287,
            1168.439
          ],
          [
            319.471,
            1165.703
          ],
          [
            312.055,
            1162.017
          ],
          [
            303.6,
            1156.223
          ],
          [
            297.645,
            1150.802
          ],
          [
            291.355,
            1143.305
          ]
        ]
      }
    },
    {
      "type": "Feature",
      "properties": {
        "id": "pathway-312584",
        "sourceLayer": "S19093-0200S-Pathways and Service Access Roads$0$L-SECONDARY ROAD HATCH",
        "sourceObjectIndex": 312584,
        "sourceConfidence": "direct-geometry"
      },
      "geometry": {
        "type": "LineString",
        "coordinates": [
          [
            291.355,
            1143.305
          ],
          [
            282.715,
            1130.4
          ],
          [
            275.886,
            1118.618
          ],
          [
            269.781,
            1106.445
          ],
          [
            263.731,
            1092.141
          ]
        ]
      }
    },
    {
      "type": "Feature",
      "properties": {
        "id": "pathway-312585",
        "sourceLayer": "S19093-0200S-Pathways and Service Access Roads$0$L-SECONDARY ROAD HATCH",
        "sourceObjectIndex": 312585,
        "sourceConfidence": "direct-geometry"
      },
      "geometry": {
        "type": "LineString",
        "coordinates": [
          [
            263.731,
            1092.141
          ],
          [
            268.316,
            1096.727
          ],
          [
            274.142,
            1101.553
          ]
        ]
      }
    },
    {
      "type": "Feature",
      "properties": {
        "id": "pathway-312586",
        "sourceLayer": "S19093-0200S-Pathways and Service Access Roads$0$L-SECONDARY ROAD HATCH",
        "sourceObjectIndex": 312586,
        "sourceConfidence": "direct-geometry"
      },
      "geometry": {
        "type": "LineString",
        "coordinates": [
          [
            274.142,
            1101.553
          ],
          [
            279.148,
            1111.941
          ],
          [
            283.738,
            1120.397
          ],
          [
            289.729,
            1130.268
          ],
          [
            296.223,
            1139.797
          ]
        ]
      }
    },
    {
      "type": "Feature",
      "properties": {
        "id": "pathway-312587",
        "sourceLayer": "S19093-0200S-Pathways and Service Access Roads$0$L-SECONDARY ROAD HATCH",
        "sourceObjectIndex": 312587,
        "sourceConfidence": "direct-geometry"
      },
      "geometry": {
        "type": "LineString",
        "coordinates": [
          [
            296.223,
            1139.797
          ],
          [
            302.525,
            1147.205
          ],
          [
            308.556,
            1152.486
          ],
          [
            315.352,
            1156.991
          ],
          [
            322.754,
            1160.566
          ],
          [
            330.562,
            1163.103
          ],
          [
            338.558,
            1164.55
          ],
          [
            346.522,
            1164.915
          ],
          [
            354.249,
            1164.263
          ]
        ]
      }
    },
    {
      "type": "Feature",
      "properties": {
        "id": "pathway-312588",
        "sourceLayer": "S19093-0200S-Pathways and Service Access Roads$0$L-SECONDARY ROAD HATCH",
        "sourceObjectIndex": 312588,
        "sourceConfidence": "direct-geometry"
      },
      "geometry": {
        "type": "LineString",
        "coordinates": [
          [
            354.249,
            1164.263
          ],
          [
            360.032,
            1163.761
          ],
          [
            363.967,
            1163.828
          ],
          [
            369.884,
            1164.556
          ],
          [
            373.777,
            1165.462
          ],
          [
            377.579,
            1166.694
          ],
          [
            383.024,
            1169.123
          ],
          [
            386.429,
            1171.094
          ],
          [
            391.125,
            1174.508
          ]
        ]
      }
    },
    {
      "type": "Feature",
      "properties": {
        "id": "pathway-312589",
        "sourceLayer": "S19093-0200S-Pathways and Service Access Roads$0$L-SECONDARY ROAD HATCH",
        "sourceObjectIndex": 312589,
        "sourceConfidence": "direct-geometry"
      },
      "geometry": {
        "type": "LineString",
        "coordinates": [
          [
            391.125,
            1174.508
          ],
          [
            397.056,
            1179.081
          ],
          [
            404.343,
            1183.902
          ]
        ]
      }
    },
    {
      "type": "Feature",
      "properties": {
        "id": "pathway-312590",
        "sourceLayer": "S19093-0200S-Pathways and Service Access Roads$0$L-SECONDARY ROAD HATCH",
        "sourceObjectIndex": 312590,
        "sourceConfidence": "direct-geometry"
      },
      "geometry": {
        "type": "LineString",
        "coordinates": [
          [
            404.343,
            1183.902
          ],
          [
            410.657,
            1163.119
          ],
          [
            415.774,
            1141.972
          ],
          [
            419.666,
            1120.566
          ],
          [
            422.318,
            1099.008
          ]
        ]
      }
    },
    {
      "type": "Feature",
      "properties": {
        "id": "pathway-312591",
        "sourceLayer": "S19093-0200S-Pathways and Service Access Roads$0$L-SECONDARY ROAD HATCH",
        "sourceObjectIndex": 312591,
        "sourceConfidence": "direct-geometry"
      },
      "geometry": {
        "type": "LineString",
        "coordinates": [
          [
            422.318,
            1099.008
          ],
          [
            422.735,
            1091.217
          ],
          [
            422.635,
            1085.351
          ],
          [
            422.18,
            1079.503
          ],
          [
            421.03,
            1071.786
          ]
        ]
      }
    },
    {
      "type": "Feature",
      "properties": {
        "id": "pathway-312592",
        "sourceLayer": "S19093-0200S-Pathways and Service Access Roads$0$L-SECONDARY ROAD HATCH",
        "sourceObjectIndex": 312592,
        "sourceConfidence": "direct-geometry"
      },
      "geometry": {
        "type": "LineString",
        "coordinates": [
          [
            421.03,
            1071.786
          ],
          [
            426.541,
            1068.751
          ]
        ]
      }
    },
    {
      "type": "Feature",
      "properties": {
        "id": "pathway-312593",
        "sourceLayer": "S19093-0200S-Pathways and Service Access Roads$0$L-SECONDARY ROAD HATCH",
        "sourceObjectIndex": 312593,
        "sourceConfidence": "direct-geometry"
      },
      "geometry": {
        "type": "LineString",
        "coordinates": [
          [
            426.541,
            1068.751
          ],
          [
            427.846,
            1076.373
          ],
          [
            428.577,
            1084.094
          ],
          [
            428.725,
            1091.848
          ],
          [
            428.292,
            1099.569
          ]
        ]
      }
    },
    {
      "type": "Feature",
      "properties": {
        "id": "pathway-312594",
        "sourceLayer": "S19093-0200S-Pathways and Service Access Roads$0$L-SECONDARY ROAD HATCH",
        "sourceObjectIndex": 312594,
        "sourceConfidence": "direct-geometry"
      },
      "geometry": {
        "type": "LineString",
        "coordinates": [
          [
            428.292,
            1099.569
          ],
          [
            425.325,
            1123.236
          ],
          [
            421.312,
            1144.767
          ],
          [
            416.079,
            1166.032
          ],
          [
            409.654,
            1186.93
          ]
        ]
      }
    },
    {
      "type": "Feature",
      "properties": {
        "id": "pathway-312595",
        "sourceLayer": "S19093-0200S-Pathways and Service Access Roads$0$L-SECONDARY ROAD HATCH",
        "sourceObjectIndex": 312595,
        "sourceConfidence": "direct-geometry"
      },
      "geometry": {
        "type": "LineString",
        "coordinates": [
          [
            409.654,
            1186.93
          ],
          [
            419.69,
            1191.67
          ],
          [
            431.924,
            1195.913
          ]
        ]
      }
    },
    {
      "type": "Feature",
      "properties": {
        "id": "pathway-312596",
        "sourceLayer": "S19093-0200S-Pathways and Service Access Roads$0$L-SECONDARY ROAD HATCH",
        "sourceObjectIndex": 312596,
        "sourceConfidence": "direct-geometry"
      },
      "geometry": {
        "type": "LineString",
        "coordinates": [
          [
            431.924,
            1195.913
          ],
          [
            441.446,
            1198.306
          ],
          [
            449.187,
            1199.816
          ],
          [
            464.886,
            1201.721
          ],
          [
            480.695,
            1202.114
          ],
          [
            488.573,
            1201.744
          ],
          [
            498.342,
            1200.757
          ]
        ]
      }
    },
    {
      "type": "Feature",
      "properties": {
        "id": "pathway-312597",
        "sourceLayer": "S19093-0200S-Pathways and Service Access Roads$0$L-SECONDARY ROAD HATCH",
        "sourceObjectIndex": 312597,
        "sourceConfidence": "direct-geometry"
      },
      "geometry": {
        "type": "LineString",
        "coordinates": [
          [
            498.342,
            1200.757
          ],
          [
            506.296,
            1200.116
          ],
          [
            512.3,
            1200.157
          ],
          [
            518.281,
            1200.649
          ],
          [
            524.19,
            1201.584
          ]
        ]
      }
    },
    {
      "type": "Feature",
      "properties": {
        "id": "pathway-312598",
        "sourceLayer": "S19093-0200S-Pathways and Service Access Roads$0$L-SECONDARY ROAD HATCH",
        "sourceObjectIndex": 312598,
        "sourceConfidence": "direct-geometry"
      },
      "geometry": {
        "type": "LineString",
        "coordinates": [
          [
            524.19,
            1201.584
          ],
          [
            527.177,
            1190.169
          ],
          [
            530.906,
            1178.897
          ],
          [
            535.364,
            1167.842
          ],
          [
            540.532,
            1157.073
          ],
          [
            546.38,
            1146.657
          ],
          [
            552.868,
            1136.657
          ],
          [
            559.953,
            1127.131
          ],
          [
            567.581,
            1118.129
          ]
        ]
      }
    },
    {
      "type": "Feature",
      "properties": {
        "id": "pathway-312599",
        "sourceLayer": "S19093-0200S-Pathways and Service Access Roads$0$L-SECONDARY ROAD HATCH",
        "sourceObjectIndex": 312599,
        "sourceConfidence": "direct-geometry"
      },
      "geometry": {
        "type": "LineString",
        "coordinates": [
          [
            567.581,
            1118.129
          ],
          [
            576.126,
            1107.459
          ],
          [
            582.429,
            1097.503
          ],
          [
            587.679,
            1086.96
          ],
          [
            591.803,
            1075.998
          ]
        ]
      }
    },
    {
      "type": "Feature",
      "properties": {
        "id": "pathway-312600",
        "sourceLayer": "S19093-0200S-Pathways and Service Access Roads$0$L-SECONDARY ROAD HATCH",
        "sourceObjectIndex": 312600,
        "sourceConfidence": "direct-geometry"
      },
      "geometry": {
        "type": "LineString",
        "coordinates": [
          [
            591.803,
            1075.998
          ],
          [
            597.126,
            1079.033
          ]
        ]
      }
    },
    {
      "type": "Feature",
      "properties": {
        "id": "pathway-312601",
        "sourceLayer": "S19093-0200S-Pathways and Service Access Roads$0$L-SECONDARY ROAD HATCH",
        "sourceObjectIndex": 312601,
        "sourceConfidence": "direct-geometry"
      },
      "geometry": {
        "type": "LineString",
        "coordinates": [
          [
            597.126,
            1079.033
          ],
          [
            592.789,
            1090.244
          ],
          [
            587.33,
            1101.025
          ],
          [
            580.819,
            1111.213
          ],
          [
            572.034,
            1122.151
          ]
        ]
      }
    },
    {
      "type": "Feature",
      "properties": {
        "id": "pathway-312602",
        "sourceLayer": "S19093-0200S-Pathways and Service Access Roads$0$L-SECONDARY ROAD HATCH",
        "sourceObjectIndex": 312602,
        "sourceConfidence": "direct-geometry"
      },
      "geometry": {
        "type": "LineString",
        "coordinates": [
          [
            572.034,
            1122.151
          ],
          [
            564.338,
            1131.258
          ],
          [
            557.218,
            1140.916
          ],
          [
            550.732,
            1151.069
          ],
          [
            545.845,
            1159.861
          ],
          [
            541.457,
            1168.912
          ],
          [
            536.875,
            1180.054
          ],
          [
            533.061,
            1191.431
          ],
          [
            530.03,
            1202.962
          ]
        ]
      }
    },
    {
      "type": "Feature",
      "properties": {
        "id": "pathway-312603",
        "sourceLayer": "S19093-0200S-Pathways and Service Access Roads$0$L-SECONDARY ROAD HATCH",
        "sourceObjectIndex": 312603,
        "sourceConfidence": "direct-geometry"
      },
      "geometry": {
        "type": "LineString",
        "coordinates": [
          [
            530.03,
            1202.962
          ],
          [
            534.139,
            1204.216
          ]
        ]
      }
    },
    {
      "type": "Feature",
      "properties": {
        "id": "pathway-312604",
        "sourceLayer": "S19093-0200S-Pathways and Service Access Roads$0$L-SECONDARY ROAD HATCH",
        "sourceObjectIndex": 312604,
        "sourceConfidence": "direct-geometry"
      },
      "geometry": {
        "type": "LineString",
        "coordinates": [
          [
            534.139,
            1204.216
          ],
          [
            541.49,
            1206.987
          ],
          [
            548.669,
            1210.328
          ],
          [
            555.609,
            1214.221
          ],
          [
            560.62,
            1217.487
          ],
          [
            565.437,
            1221.033
          ],
          [
            571.519,
            1226.165
          ],
          [
            577.167,
            1231.714
          ],
          [
            582.342,
            1237.625
          ]
        ]
      }
    },
    {
      "type": "Feature",
      "properties": {
        "id": "pathway-312605",
        "sourceLayer": "S19093-0200S-Pathways and Service Access Roads$0$L-SECONDARY ROAD HATCH",
        "sourceObjectIndex": 312605,
        "sourceConfidence": "direct-geometry"
      },
      "geometry": {
        "type": "LineString",
        "coordinates": [
          [
            582.342,
            1237.625
          ],
          [
            589.975,
            1246.616
          ],
          [
            598.025,
            1255.283
          ],
          [
            606.469,
            1263.596
          ],
          [
            613.789,
            1270.235
          ],
          [
            621.353,
            1276.597
          ],
          [
            630.726,
            1283.846
          ],
          [
            640.396,
            1290.657
          ],
          [
            650.332,
            1297.012
          ]
        ]
      }
    },
    {
      "type": "Feature",
      "properties": {
        "id": "pathway-312606",
        "sourceLayer": "S19093-0200S-Pathways and Service Access Roads$0$L-SECONDARY ROAD HATCH",
        "sourceObjectIndex": 312606,
        "sourceConfidence": "direct-geometry"
      },
      "geometry": {
        "type": "LineString",
        "coordinates": [
          [
            650.332,
            1297.012
          ],
          [
            656.836,
            1300.652
          ],
          [
            663.734,
            1303.869
          ],
          [
            670.987,
            1306.608
          ],
          [
            678.546,
            1308.818
          ],
          [
            686.353,
            1310.455
          ],
          [
            694.343,
            1311.484
          ],
          [
            702.443,
            1311.88
          ],
          [
            710.578,
            1311.629
          ],
          [
            718.67,
            1310.73
          ],
          [
            726.642,
            1309.193
          ],
          [
            734.422,
            1307.042
          ],
          [
            741.939,
            1304.31
          ],
          [
            749.134,
            1301.04
          ],
          [
            755.953,
            1297.284
          ],
          [
            762.355,
            1293.097
          ],
          [
            769.72,
            1287.352
          ]
        ]
      }
    },
    {
      "type": "Feature",
      "properties": {
        "id": "pathway-312607",
        "sourceLayer": "S19093-0200S-Pathways and Service Access Roads$0$L-SECONDARY ROAD HATCH",
        "sourceObjectIndex": 312607,
        "sourceConfidence": "direct-geometry"
      },
      "geometry": {
        "type": "LineString",
        "coordinates": [
          [
            769.72,
            1287.352
          ],
          [
            766.272,
            1280.414
          ],
          [
            763.225,
            1273.181
          ],
          [
            758.954,
            1259.921
          ],
          [
            756.158,
            1246.085
          ],
          [
            754.937,
            1231.923
          ],
          [
            755.333,
            1217.708
          ],
          [
            756.279,
            1209.667
          ],
          [
            757.734,
            1201.748
          ],
          [
            761.446,
            1188.32
          ],
          [
            764.187,
            1180.966
          ],
          [
            767.341,
            1173.89
          ]
        ]
      }
    },
    {
      "type": "Feature",
      "properties": {
        "id": "pathway-312608",
        "sourceLayer": "S19093-0200S-Pathways and Service Access Roads$0$L-SECONDARY ROAD HATCH",
        "sourceObjectIndex": 312608,
        "sourceConfidence": "direct-geometry"
      },
      "geometry": {
        "type": "LineString",
        "coordinates": [
          [
            767.341,
            1173.89
          ],
          [
            771.896,
            1162.82
          ],
          [
            774.672,
            1153.176
          ],
          [
            776.467,
            1143.303
          ],
          [
            777.302,
            1131.362
          ]
        ]
      }
    },
    {
      "type": "Feature",
      "properties": {
        "id": "pathway-312609",
        "sourceLayer": "S19093-0200S-Pathways and Service Access Roads$0$L-SECONDARY ROAD HATCH",
        "sourceObjectIndex": 312609,
        "sourceConfidence": "direct-geometry"
      },
      "geometry": {
        "type": "LineString",
        "coordinates": [
          [
            777.302,
            1131.362
          ],
          [
            776.66,
            1124.127
          ],
          [
            775.235,
            1118.797
          ],
          [
            773.037,
            1113.746
          ],
          [
            770.155,
            1109.135
          ]
        ]
      }
    },
    {
      "type": "Feature",
      "properties": {
        "id": "pathway-312610",
        "sourceLayer": "S19093-0200S-Pathways and Service Access Roads$0$L-SECONDARY ROAD HATCH",
        "sourceObjectIndex": 312610,
        "sourceConfidence": "direct-geometry"
      },
      "geometry": {
        "type": "LineString",
        "coordinates": [
          [
            770.155,
            1109.135
          ],
          [
            768.477,
            1106.843
          ]
        ]
      }
    },
    {
      "type": "Feature",
      "properties": {
        "id": "pathway-312611",
        "sourceLayer": "S19093-0200S-Pathways and Service Access Roads$0$L-SECONDARY ROAD HATCH",
        "sourceObjectIndex": 312611,
        "sourceConfidence": "direct-geometry"
      },
      "geometry": {
        "type": "LineString",
        "coordinates": [
          [
            768.477,
            1106.843
          ],
          [
            774.956,
            1105.536
          ]
        ]
      }
    },
    {
      "type": "Feature",
      "properties": {
        "id": "pathway-312612",
        "sourceLayer": "S19093-0200S-Pathways and Service Access Roads$0$L-SECONDARY ROAD HATCH",
        "sourceObjectIndex": 312612,
        "sourceConfidence": "direct-geometry"
      },
      "geometry": {
        "type": "LineString",
        "coordinates": [
          [
            774.956,
            1105.536
          ],
          [
            779.008,
            1112.263
          ],
          [
            781.229,
            1117.801
          ],
          [
            782.662,
            1123.594
          ],
          [
            783.301,
            1131.421
          ]
        ]
      }
    },
    {
      "type": "Feature",
      "properties": {
        "id": "pathway-312613",
        "sourceLayer": "S19093-0200S-Pathways and Service Access Roads$0$L-SECONDARY ROAD HATCH",
        "sourceObjectIndex": 312613,
        "sourceConfidence": "direct-geometry"
      },
      "geometry": {
        "type": "LineString",
        "coordinates": [
          [
            783.301,
            1131.421
          ],
          [
            782.549,
            1143.025
          ],
          [
            780.514,
            1154.545
          ],
          [
            777.221,
            1165.77
          ],
          [
            772.743,
            1176.501
          ]
        ]
      }
    },
    {
      "type": "Feature",
      "properties": {
        "id": "pathway-312614",
        "sourceLayer": "S19093-0200S-Pathways and Service Access Roads$0$L-SECONDARY ROAD HATCH",
        "sourceObjectIndex": 312614,
        "sourceConfidence": "direct-geometry"
      },
      "geometry": {
        "type": "LineString",
        "coordinates": [
          [
            772.743,
            1176.501
          ],
          [
            767.555,
            1189.004
          ],
          [
            763.759,
            1202.289
          ],
          [
            762.276,
            1210.141
          ],
          [
            761.508,
            1216.117
          ],
          [
            760.956,
            1224.157
          ],
          [
            760.9,
            1230.212
          ],
          [
            761.152,
            1236.262
          ],
          [
            761.964,
            1244.28
          ],
          [
            762.925,
            1250.228
          ],
          [
            764.661,
            1258.028
          ],
          [
            768.885,
            1271.183
          ],
          [
            774.475,
            1283.512
          ]
        ]
      }
    },
    {
      "type": "Feature",
      "properties": {
        "id": "pathway-312615",
        "sourceLayer": "S19093-0200S-Pathways and Service Access Roads$0$L-SECONDARY ROAD HATCH",
        "sourceObjectIndex": 312615,
        "sourceConfidence": "direct-geometry"
      },
      "geometry": {
        "type": "LineString",
        "coordinates": [
          [
            774.475,
            1283.512
          ],
          [
            780.983,
            1279.364
          ],
          [
            786.265,
            1276.773
          ],
          [
            791.822,
            1274.687
          ],
          [
            797.577,
            1273.147
          ],
          [
            803.451,
            1272.175
          ],
          [
            809.359,
            1271.782
          ],
          [
            815.217,
            1271.958
          ],
          [
            820.946,
            1272.681
          ]
        ]
      }
    },
    {
      "type": "Feature",
      "properties": {
        "id": "pathway-312616",
        "sourceLayer": "S19093-0200S-Pathways and Service Access Roads$0$L-SECONDARY ROAD HATCH",
        "sourceObjectIndex": 312616,
        "sourceConfidence": "direct-geometry"
      },
      "geometry": {
        "type": "LineString",
        "coordinates": [
          [
            820.946,
            1272.681
          ],
          [
            828.673,
            1274.294
          ],
          [
            836.291,
            1276.416
          ],
          [
            849.213,
            1281.312
          ]
        ]
      }
    },
    {
      "type": "Feature",
      "properties": {
        "id": "pathway-312617",
        "sourceLayer": "S19093-0200S-Pathways and Service Access Roads$0$L-SECONDARY ROAD HATCH",
        "sourceObjectIndex": 312617,
        "sourceConfidence": "direct-geometry"
      },
      "geometry": {
        "type": "LineString",
        "coordinates": [
          [
            849.213,
            1281.312
          ],
          [
            856.303,
            1284.065
          ],
          [
            861.8,
            1285.668
          ],
          [
            867.401,
            1286.858
          ],
          [
            874.95,
            1287.79
          ]
        ]
      }
    },
    {
      "type": "Feature",
      "properties": {
        "id": "pathway-312618",
        "sourceLayer": "S19093-0200S-Pathways and Service Access Roads$0$L-SECONDARY ROAD HATCH",
        "sourceObjectIndex": 312618,
        "sourceConfidence": "direct-geometry"
      },
      "geometry": {
        "type": "LineString",
        "coordinates": [
          [
            874.95,
            1287.79
          ],
          [
            880.915,
            1287.926
          ],
          [
            886.96,
            1287.446
          ],
          [
            892.987,
            1286.333
          ],
          [
            898.898,
            1284.59
          ],
          [
            904.595,
            1282.239
          ],
          [
            909.987,
            1279.325
          ],
          [
            914.996,
            1275.907
          ],
          [
            919.556,
            1272.059
          ]
        ]
      }
    },
    {
      "type": "Feature",
      "properties": {
        "id": "pathway-312619",
        "sourceLayer": "S19093-0200S-Pathways and Service Access Roads$0$L-SECONDARY ROAD HATCH",
        "sourceObjectIndex": 312619,
        "sourceConfidence": "direct-geometry"
      },
      "geometry": {
        "type": "LineString",
        "coordinates": [
          [
            919.556,
            1272.059
          ],
          [
            926.917,
            1265.626
          ],
          [
            933.133,
            1260.819
          ],
          [
            939.614,
            1256.34
          ],
          [
            946.335,
            1252.209
          ],
          [
            953.267,
            1248.446
          ],
          [
            960.379,
            1245.065
          ],
          [
            967.639,
            1242.078
          ],
          [
            975.015,
            1239.493
          ]
        ]
      }
    },
    {
      "type": "Feature",
      "properties": {
        "id": "pathway-312620",
        "sourceLayer": "S19093-0200S-Pathways and Service Access Roads$0$L-SECONDARY ROAD HATCH",
        "sourceObjectIndex": 312620,
        "sourceConfidence": "direct-geometry"
      },
      "geometry": {
        "type": "LineString",
        "coordinates": [
          [
            975.015,
            1239.493
          ],
          [
            980.607,
            1237.437
          ],
          [
            986.065,
            1234.889
          ],
          [
            991.325,
            1231.864
          ],
          [
            996.324,
            1228.387
          ],
          [
            1001.008,
            1224.495
          ],
          [
            1005.325,
            1220.232
          ],
          [
            1009.236,
            1215.651
          ],
          [
            1012.709,
            1210.809
          ]
        ]
      }
    },
    {
      "type": "Feature",
      "properties": {
        "id": "pathway-312621",
        "sourceLayer": "S19093-0200S-Pathways and Service Access Roads$0$L-SECONDARY ROAD HATCH",
        "sourceObjectIndex": 312621,
        "sourceConfidence": "direct-geometry"
      },
      "geometry": {
        "type": "LineString",
        "coordinates": [
          [
            1012.709,
            1210.809
          ],
          [
            1017.715,
            1202.584
          ],
          [
            1022.17,
            1194.023
          ],
          [
            1026.042,
            1185.183
          ],
          [
            1029.306,
            1176.124
          ]
        ]
      }
    },
    {
      "type": "Feature",
      "properties": {
        "id": "pathway-312622",
        "sourceLayer": "S19093-0200S-Pathways and Service Access Roads$0$L-SECONDARY ROAD HATCH",
        "sourceObjectIndex": 312622,
        "sourceConfidence": "direct-geometry"
      },
      "geometry": {
        "type": "LineString",
        "coordinates": [
          [
            1029.306,
            1176.124
          ],
          [
            1031.164,
            1169.085
          ],
          [
            1032.072,
            1163.512
          ],
          [
            1032.512,
            1157.739
          ],
          [
            1032.446,
            1151.824
          ],
          [
            1031.518,
            1143.829
          ],
          [
            1030.173,
            1137.848
          ],
          [
            1028.267,
            1131.966
          ],
          [
            1025.816,
            1126.261
          ],
          [
            1022.847,
            1120.807
          ],
          [
            1019.402,
            1115.673
          ],
          [
            1015.534,
            1110.918
          ],
          [
            1009.823,
            1105.246
          ],
          [
            1005.215,
            1101.537
          ],
          [
            1000.406,
            1098.314
          ],
          [
            995.464,
            1095.582
          ],
          [
            988.783,
            1092.69
          ]
        ]
      }
    },
    {
      "type": "Feature",
      "properties": {
        "id": "pathway-312623",
        "sourceLayer": "S19093-0200S-Pathways and Service Access Roads$0$L-SECONDARY ROAD HATCH",
        "sourceObjectIndex": 312623,
        "sourceConfidence": "direct-geometry"
      },
      "geometry": {
        "type": "LineString",
        "coordinates": [
          [
            988.783,
            1092.69
          ],
          [
            981.075,
            1090.08
          ],
          [
            971.916,
            1087.58
          ]
        ]
      }
    },
    {
      "type": "Feature",
      "properties": {
        "id": "pathway-312624",
        "sourceLayer": "S19093-0200S-Pathways and Service Access Roads$0$L-SECONDARY ROAD HATCH",
        "sourceObjectIndex": 312624,
        "sourceConfidence": "direct-geometry"
      },
      "geometry": {
        "type": "LineString",
        "coordinates": [
          [
            971.916,
            1087.58
          ],
          [
            964.26,
            1084.972
          ],
          [
            957.09,
            1080.879
          ],
          [
            950.821,
            1075.477
          ],
          [
            948.13,
            1072.38
          ],
          [
            944.728,
            1067.379
          ]
        ]
      }
    },
    {
      "type": "Feature",
      "properties": {
        "id": "pathway-312625",
        "sourceLayer": "S19093-0200S-Pathways and Service Access Roads$0$L-SECONDARY ROAD HATCH",
        "sourceObjectIndex": 312625,
        "sourceConfidence": "direct-geometry"
      },
      "geometry": {
        "type": "LineString",
        "coordinates": [
          [
            944.728,
            1067.379
          ],
          [
            937.107,
            1061.629
          ],
          [
            928.53,
            1056.854
          ],
          [
            919.195,
            1053.273
          ],
          [
            911.355,
            1051.378
          ],
          [
            903.349,
            1050.397
          ],
          [
            893.351,
            1050.47
          ],
          [
            883.643,
            1051.926
          ],
          [
            874.488,
            1054.631
          ]
        ]
      }
    },
    {
      "type": "Feature",
      "properties": {
        "id": "pathway-312626",
        "sourceLayer": "S19093-0200S-Pathways and Service Access Roads$0$L-SECONDARY ROAD HATCH",
        "sourceObjectIndex": 312626,
        "sourceConfidence": "direct-geometry"
      },
      "geometry": {
        "type": "LineString",
        "coordinates": [
          [
            874.488,
            1054.631
          ],
          [
            878.408,
            1051.281
          ]
        ]
      }
    },
    {
      "type": "Feature",
      "properties": {
        "id": "pathway-312627",
        "sourceLayer": "S19093-0200S-Pathways and Service Access Roads$0$L-SECONDARY ROAD HATCH",
        "sourceObjectIndex": 312627,
        "sourceConfidence": "direct-geometry"
      },
      "geometry": {
        "type": "LineString",
        "coordinates": [
          [
            878.408,
            1051.281
          ],
          [
            882.32,
            1046.073
          ]
        ]
      }
    },
    {
      "type": "Feature",
      "properties": {
        "id": "pathway-312628",
        "sourceLayer": "S19093-0200S-Pathways and Service Access Roads$0$L-SECONDARY ROAD HATCH",
        "sourceObjectIndex": 312628,
        "sourceConfidence": "direct-geometry"
      },
      "geometry": {
        "type": "LineString",
        "coordinates": [
          [
            882.32,
            1046.073
          ],
          [
            889.876,
            1044.785
          ],
          [
            897.641,
            1044.263
          ],
          [
            905.496,
            1044.544
          ],
          [
            913.317,
            1045.642
          ],
          [
            919.084,
            1046.995
          ],
          [
            926.543,
            1049.476
          ],
          [
            933.636,
            1052.679
          ],
          [
            940.265,
            1056.526
          ]
        ]
      }
    },
    {
      "type": "Feature",
      "properties": {
        "id": "pathway-312629",
        "sourceLayer": "S19093-0200S-Pathways and Service Access Roads$0$L-SECONDARY ROAD HATCH",
        "sourceObjectIndex": 312629,
        "sourceConfidence": "direct-geometry"
      },
      "geometry": {
        "type": "LineString",
        "coordinates": [
          [
            940.265,
            1056.526
          ],
          [
            939.028,
            1049.146
          ],
          [
            939.129,
            1041.266
          ],
          [
            940.75,
            1033.257
          ],
          [
            942.149,
            1029.342
          ],
          [
            943.929,
            1025.564
          ],
          [
            946.067,
            1021.975
          ],
          [
            948.531,
            1018.627
          ],
          [
            954.265,
            1012.805
          ],
          [
            960.743,
            1008.316
          ],
          [
            967.553,
            1005.216
          ]
        ]
      }
    },
    {
      "type": "Feature",
      "properties": {
        "id": "pathway-312630",
        "sourceLayer": "S19093-0200S-Pathways and Service Access Roads$0$L-SECONDARY ROAD HATCH",
        "sourceObjectIndex": 312630,
        "sourceConfidence": "direct-geometry"
      },
      "geometry": {
        "type": "LineString",
        "coordinates": [
          [
            967.553,
            1005.216
          ],
          [
            953.693,
            1003.889
          ],
          [
            939.903,
            1001.806
          ],
          [
            926.247,
            998.975
          ],
          [
            910.878,
            994.841
          ]
        ]
      }
    },
    {
      "type": "Feature",
      "properties": {
        "id": "pathway-312631",
        "sourceLayer": "S19093-0200S-Pathways and Service Access Roads$0$L-SECONDARY ROAD HATCH",
        "sourceObjectIndex": 312631,
        "sourceConfidence": "direct-geometry"
      },
      "geometry": {
        "type": "LineString",
        "coordinates": [
          [
            910.878,
            994.841
          ],
          [
            903.347,
            992.899
          ],
          [
            897.567,
            991.848
          ],
          [
            885.807,
            990.837
          ],
          [
            874.013,
            991.308
          ],
          [
            868.19,
            992.093
          ],
          [
            860.578,
            993.689
          ]
        ]
      }
    },
    {
      "type": "Feature",
      "properties": {
        "id": "pathway-312632",
        "sourceLayer": "S19093-0200S-Pathways and Service Access Roads$0$L-SECONDARY ROAD HATCH",
        "sourceObjectIndex": 312632,
        "sourceConfidence": "direct-geometry"
      },
      "geometry": {
        "type": "LineString",
        "coordinates": [
          [
            860.578,
            993.689
          ],
          [
            854.677,
            992.812
          ],
          [
            850.159,
            992.823
          ],
          [
            845.686,
            993.415
          ],
          [
            841.368,
            994.563
          ]
        ]
      }
    },
    {
      "type": "Feature",
      "properties": {
        "id": "pathway-312633",
        "sourceLayer": "S19093-0200S-Pathways and Service Access Roads$0$L-SECONDARY ROAD HATCH",
        "sourceObjectIndex": 312633,
        "sourceConfidence": "direct-geometry"
      },
      "geometry": {
        "type": "LineString",
        "coordinates": [
          [
            841.368,
            994.563
          ],
          [
            839.306,
            995.184
          ]
        ]
      }
    },
    {
      "type": "Feature",
      "properties": {
        "id": "pathway-312634",
        "sourceLayer": "S19093-0200S-Pathways and Service Access Roads$0$L-SECONDARY ROAD HATCH",
        "sourceObjectIndex": 312634,
        "sourceConfidence": "direct-geometry"
      },
      "geometry": {
        "type": "LineString",
        "coordinates": [
          [
            839.306,
            995.184
          ],
          [
            848.252,
            991.289
          ],
          [
            857.667,
            988.248
          ],
          [
            867.423,
            986.138
          ],
          [
            875.381,
            985.155
          ],
          [
            883.392,
            984.813
          ],
          [
            893.363,
            985.285
          ],
          [
            903.15,
            986.731
          ],
          [
            912.616,
            989.098
          ]
        ]
      }
    },
    {
      "type": "Feature",
      "properties": {
        "id": "pathway-312635",
        "sourceLayer": "S19093-0200S-Pathways and Service Access Roads$0$L-SECONDARY ROAD HATCH",
        "sourceObjectIndex": 312635,
        "sourceConfidence": "direct-geometry"
      },
      "geometry": {
        "type": "LineString",
        "coordinates": [
          [
            912.616,
            989.098
          ],
          [
            931.783,
            994.078
          ],
          [
            951.342,
            997.534
          ],
          [
            969.131,
            999.307
          ],
          [
            988.928,
            999.782
          ]
        ]
      }
    },
    {
      "type": "Feature",
      "properties": {
        "id": "pathway-312636",
        "sourceLayer": "S19093-0200S-Pathways and Service Access Roads$0$L-SECONDARY ROAD HATCH",
        "sourceObjectIndex": 312636,
        "sourceConfidence": "direct-geometry"
      },
      "geometry": {
        "type": "LineString",
        "coordinates": [
          [
            988.928,
            999.782
          ],
          [
            1000.394,
            998.646
          ],
          [
            1011.973,
            998.697
          ],
          [
            1021.574,
            999.652
          ],
          [
            1032.881,
            1001.871
          ]
        ]
      }
    },
    {
      "type": "Feature",
      "properties": {
        "id": "pathway-312637",
        "sourceLayer": "S19093-0200S-Pathways and Service Access Roads$0$L-SECONDARY ROAD HATCH",
        "sourceObjectIndex": 312637,
        "sourceConfidence": "direct-geometry"
      },
      "geometry": {
        "type": "LineString",
        "coordinates": [
          [
            1032.881,
            1001.871
          ],
          [
            1040.513,
            1003.512
          ],
          [
            1048.286,
            1004.647
          ],
          [
            1062.074,
            1005.368
          ],
          [
            1075.851,
            1004.461
          ],
          [
            1083.608,
            1003.221
          ],
          [
            1091.217,
            1001.477
          ]
        ]
      }
    },
    {
      "type": "Feature",
      "properties": {
        "id": "pathway-312638",
        "sourceLayer": "S19093-0200S-Pathways and Service Access Roads$0$L-SECONDARY ROAD HATCH",
        "sourceObjectIndex": 312638,
        "sourceConfidence": "direct-geometry"
      },
      "geometry": {
        "type": "LineString",
        "coordinates": [
          [
            1091.217,
            1001.477
          ],
          [
            1104.177,
            997.359
          ],
          [
            1116.726,
            991.968
          ],
          [
            1127.017,
            986.386
          ],
          [
            1138.331,
            978.843
          ]
        ]
      }
    },
    {
      "type": "Feature",
      "properties": {
        "id": "pathway-312639",
        "sourceLayer": "S19093-0200S-Pathways and Service Access Roads$0$L-SECONDARY ROAD HATCH",
        "sourceObjectIndex": 312639,
        "sourceConfidence": "direct-geometry"
      },
      "geometry": {
        "type": "LineString",
        "coordinates": [
          [
            1138.331,
            978.843
          ],
          [
            1153.14,
            968.863
          ],
          [
            1167.04,
            961.092
          ],
          [
            1181.504,
            954.435
          ],
          [
            1196.397,
            948.949
          ]
        ]
      }
    },
    {
      "type": "Feature",
      "properties": {
        "id": "pathway-312640",
        "sourceLayer": "S19093-0200S-Pathways and Service Access Roads$0$L-SECONDARY ROAD HATCH",
        "sourceObjectIndex": 312640,
        "sourceConfidence": "direct-geometry"
      },
      "geometry": {
        "type": "LineString",
        "coordinates": [
          [
            1196.397,
            948.949
          ],
          [
            1205.673,
            945.482
          ],
          [
            1212.917,
            942.098
          ],
          [
            1219.941,
            938.189
          ],
          [
            1226.688,
            933.777
          ],
          [
            1233.105,
            928.893
          ],
          [
            1240.591,
            922.185
          ],
          [
            1246.1,
            916.391
          ],
          [
            1252.335,
            908.697
          ]
        ]
      }
    },
    {
      "type": "Feature",
      "properties": {
        "id": "pathway-312641",
        "sourceLayer": "S19093-0200S-Pathways and Service Access Roads$0$L-SECONDARY ROAD HATCH",
        "sourceObjectIndex": 312641,
        "sourceConfidence": "direct-geometry"
      },
      "geometry": {
        "type": "LineString",
        "coordinates": [
          [
            1252.335,
            908.697
          ],
          [
            1259.411,
            899.901
          ],
          [
            1265.969,
            892.893
          ],
          [
            1273.106,
            886.249
          ],
          [
            1280.795,
            880.039
          ],
          [
            1290.693,
            873.249
          ],
          [
            1299.442,
            868.213
          ],
          [
            1308.582,
            863.798
          ],
          [
            1318.046,
            860.047
          ],
          [
            1327.76,
            856.993
          ],
          [
            1337.647,
            854.658
          ],
          [
            1347.627,
            853.052
          ],
          [
            1359.613,
            852.085
          ],
          [
            1369.521,
            852.064
          ],
          [
            1381.205,
            852.944
          ],
          [
            1390.693,
            854.39
          ],
          [
            1401.695,
            856.918
          ]
        ]
      }
    },
    {
      "type": "Feature",
      "properties": {
        "id": "pathway-312642",
        "sourceLayer": "S19093-0200S-Pathways and Service Access Roads$0$L-SECONDARY ROAD HATCH",
        "sourceObjectIndex": 312642,
        "sourceConfidence": "direct-geometry"
      },
      "geometry": {
        "type": "LineString",
        "coordinates": [
          [
            1401.695,
            856.918
          ],
          [
            1414.936,
            859.88
          ],
          [
            1426.593,
            861.45
          ],
          [
            1440.402,
            862.096
          ],
          [
            1452.286,
            861.612
          ],
          [
            1464.093,
            860.169
          ],
          [
            1477.616,
            857.299
          ],
          [
            1488.866,
            853.866
          ],
          [
            1501.454,
            848.803
          ]
        ]
      }
    },
    {
      "type": "Feature",
      "properties": {
        "id": "pathway-312643",
        "sourceLayer": "S19093-0200S-Pathways and Service Access Roads$0$L-SECONDARY ROAD HATCH",
        "sourceObjectIndex": 312643,
        "sourceConfidence": "direct-geometry"
      },
      "geometry": {
        "type": "LineString",
        "coordinates": [
          [
            1501.454,
            848.803
          ],
          [
            1503.402,
            847.681
          ],
          [
            1505.176,
            846.143
          ],
          [
            1506.649,
            844.239
          ],
          [
            1507.716,
            842.068
          ],
          [
            1508.32,
            839.763
          ],
          [
            1508.46,
            837.464
          ],
          [
            1508.177,
            835.264
          ],
          [
            1507.46,
            833.076
          ],
          [
            1506.292,
            830.998
          ],
          [
            1504.711,
            829.168
          ],
          [
            1502.804,
            827.698
          ],
          [
            1500.699,
            826.659
          ],
          [
            1498.53,
            826.067
          ]
        ]
      }
    },
    {
      "type": "Feature",
      "properties": {
        "id": "pathway-312644",
        "sourceLayer": "S19093-0200S-Pathways and Service Access Roads$0$L-SECONDARY ROAD HATCH",
        "sourceObjectIndex": 312644,
        "sourceConfidence": "direct-geometry"
      },
      "geometry": {
        "type": "LineString",
        "coordinates": [
          [
            1498.53,
            826.067
          ],
          [
            1485.423,
            824.209
          ],
          [
            1472.223,
            823.193
          ]
        ]
      }
    },
    {
      "type": "Feature",
      "properties": {
        "id": "pathway-312645",
        "sourceLayer": "S19093-0200S-Pathways and Service Access Roads$0$L-SECONDARY ROAD HATCH",
        "sourceObjectIndex": 312645,
        "sourceConfidence": "direct-geometry"
      },
      "geometry": {
        "type": "LineString",
        "coordinates": [
          [
            1472.223,
            823.193
          ],
          [
            1446.667,
            821.337
          ],
          [
            1423.2,
            818.37
          ]
        ]
      }
    },
    {
      "type": "Feature",
      "properties": {
        "id": "pathway-312646",
        "sourceLayer": "S19093-0200S-Pathways and Service Access Roads$0$L-SECONDARY ROAD HATCH",
        "sourceObjectIndex": 312646,
        "sourceConfidence": "direct-geometry"
      },
      "geometry": {
        "type": "LineString",
        "coordinates": [
          [
            1423.2,
            818.37
          ],
          [
            1411.554,
            816.902
          ],
          [
            1399.733,
            816.032
          ],
          [
            1387.784,
            815.781
          ],
          [
            1375.754,
            816.164
          ],
          [
            1363.694,
            817.192
          ],
          [
            1351.657,
            818.869
          ],
          [
            1339.693,
            821.195
          ],
          [
            1329.818,
            823.626
          ],
          [
            1318.126,
            827.123
          ],
          [
            1306.653,
            831.237
          ],
          [
            1295.449,
            835.947
          ],
          [
            1284.558,
            841.227
          ],
          [
            1274.022,
            847.045
          ],
          [
            1263.879,
            853.368
          ],
          [
            1254.163,
            860.156
          ],
          [
            1244.903,
            867.37
          ]
        ]
      }
    },
    {
      "type": "Feature",
      "properties": {
        "id": "pathway-312647",
        "sourceLayer": "S19093-0200S-Pathways and Service Access Roads$0$L-SECONDARY ROAD HATCH",
        "sourceObjectIndex": 312647,
        "sourceConfidence": "direct-geometry"
      },
      "geometry": {
        "type": "LineString",
        "coordinates": [
          [
            1244.903,
            867.37
          ],
          [
            1230.802,
            878.289
          ],
          [
            1217.74,
            887.313
          ],
          [
            1204.233,
            895.656
          ],
          [
            1188.573,
            904.19
          ]
        ]
      }
    },
    {
      "type": "Feature",
      "properties": {
        "id": "pathway-312648",
        "sourceLayer": "S19093-0200S-Pathways and Service Access Roads$0$L-SECONDARY ROAD HATCH",
        "sourceObjectIndex": 312648,
        "sourceConfidence": "direct-geometry"
      },
      "geometry": {
        "type": "LineString",
        "coordinates": [
          [
            1188.573,
            904.19
          ],
          [
            1181.495,
            907.326
          ],
          [
            1173.998,
            909.729
          ],
          [
            1166.198,
            911.323
          ],
          [
            1160.229,
            911.957
          ],
          [
            1152.226,
            912.037
          ],
          [
            1144.304,
            911.247
          ],
          [
            1136.601,
            909.622
          ],
          [
            1129.24,
            907.224
          ]
        ]
      }
    },
    {
      "type": "Feature",
      "properties": {
        "id": "pathway-312649",
        "sourceLayer": "S19093-0200S-Pathways and Service Access Roads$0$L-SECONDARY ROAD HATCH",
        "sourceObjectIndex": 312649,
        "sourceConfidence": "direct-geometry"
      },
      "geometry": {
        "type": "LineString",
        "coordinates": [
          [
            1129.24,
            907.224
          ],
          [
            1118.011,
            903.661
          ],
          [
            1108.208,
            901.725
          ],
          [
            1098.155,
            900.805
          ],
          [
            1088.01,
            900.937
          ],
          [
            1077.941,
            902.127
          ],
          [
            1068.109,
            904.345
          ],
          [
            1058.667,
            907.53
          ],
          [
            1049.746,
            911.591
          ]
        ]
      }
    },
    {
      "type": "Feature",
      "properties": {
        "id": "pathway-312650",
        "sourceLayer": "S19093-0200S-Pathways and Service Access Roads$0$L-SECONDARY ROAD HATCH",
        "sourceObjectIndex": 312650,
        "sourceConfidence": "direct-geometry"
      },
      "geometry": {
        "type": "LineString",
        "coordinates": [
          [
            1049.746,
            911.591
          ],
          [
            1035.763,
            918.382
          ],
          [
            1023.152,
            923.771
          ],
          [
            1008.354,
            929.259
          ],
          [
            995.107,
            933.446
          ],
          [
            979.679,
            937.499
          ],
          [
            965.973,
            940.384
          ],
          [
            952.119,
            942.637
          ],
          [
            938.159,
            944.247
          ],
          [
            924.141,
            945.208
          ],
          [
            910.108,
            945.518
          ],
          [
            896.105,
            945.18
          ],
          [
            880.197,
            944.007
          ],
          [
            866.409,
            942.304
          ],
          [
            850.858,
            939.605
          ],
          [
            837.476,
            936.605
          ],
          [
            822.49,
            932.477
          ]
        ]
      }
    },
    {
      "type": "Feature",
      "properties": {
        "id": "pathway-312651",
        "sourceLayer": "S19093-0200S-Pathways and Service Access Roads$0$L-SECONDARY ROAD HATCH",
        "sourceObjectIndex": 312651,
        "sourceConfidence": "direct-geometry"
      },
      "geometry": {
        "type": "LineString",
        "coordinates": [
          [
            822.49,
            932.477
          ],
          [
            814.334,
            948.157
          ],
          [
            805.16,
            963.308
          ],
          [
            795.024,
            977.832
          ],
          [
            783.99,
            991.64
          ]
        ]
      }
    },
    {
      "type": "Feature",
      "properties": {
        "id": "pathway-312652",
        "sourceLayer": "S19093-0200S-Pathways and Service Access Roads$0$L-SECONDARY ROAD HATCH",
        "sourceObjectIndex": 312652,
        "sourceConfidence": "direct-geometry"
      },
      "geometry": {
        "type": "LineString",
        "coordinates": [
          [
            783.99,
            991.64
          ],
          [
            776.823,
            990.75
          ]
        ]
      }
    },
    {
      "type": "Feature",
      "properties": {
        "id": "pathway-312653",
        "sourceLayer": "S19093-0200S-Pathways and Service Access Roads$0$L-SECONDARY ROAD HATCH",
        "sourceObjectIndex": 312653,
        "sourceConfidence": "direct-geometry"
      },
      "geometry": {
        "type": "LineString",
        "coordinates": [
          [
            776.823,
            990.75
          ],
          [
            787.989,
            977.18
          ],
          [
            798.26,
            962.872
          ],
          [
            807.567,
            947.916
          ],
          [
            816.706,
            930.659
          ]
        ]
      }
    },
    {
      "type": "Feature",
      "properties": {
        "id": "pathway-312654",
        "sourceLayer": "S19093-0200S-Pathways and Service Access Roads$0$L-SECONDARY ROAD HATCH",
        "sourceObjectIndex": 312654,
        "sourceConfidence": "direct-geometry"
      },
      "geometry": {
        "type": "LineString",
        "coordinates": [
          [
            816.706,
            930.659
          ],
          [
            803.579,
            926.053
          ],
          [
            792.438,
            921.601
          ],
          [
            781.43,
            916.687
          ],
          [
            770.583,
            911.316
          ],
          [
            759.926,
            905.497
          ],
          [
            749.485,
            899.24
          ],
          [
            739.288,
            892.557
          ],
          [
            729.359,
            885.464
          ],
          [
            719.725,
            877.977
          ],
          [
            710.407,
            870.115
          ],
          [
            701.427,
            861.897
          ],
          [
            692.805,
            853.347
          ],
          [
            684.559,
            844.488
          ],
          [
            676.704,
            835.343
          ],
          [
            669.254,
            825.939
          ],
          [
            661.089,
            814.676
          ]
        ]
      }
    },
    {
      "type": "Feature",
      "properties": {
        "id": "pathway-312655",
        "sourceLayer": "S19093-0200S-Pathways and Service Access Roads$0$L-SECONDARY ROAD HATCH",
        "sourceObjectIndex": 312655,
        "sourceConfidence": "direct-geometry"
      },
      "geometry": {
        "type": "LineString",
        "coordinates": [
          [
            661.089,
            814.676
          ],
          [
            653.886,
            803.476
          ],
          [
            647.434,
            791.828
          ]
        ]
      }
    },
    {
      "type": "Feature",
      "properties": {
        "id": "pathway-312656",
        "sourceLayer": "S19093-0200S-Pathways and Service Access Roads$0$L-SECONDARY ROAD HATCH",
        "sourceObjectIndex": 312656,
        "sourceConfidence": "direct-geometry"
      },
      "geometry": {
        "type": "LineString",
        "coordinates": [
          [
            647.434,
            791.828
          ],
          [
            642.163,
            781.098
          ]
        ]
      }
    },
    {
      "type": "Feature",
      "properties": {
        "id": "pathway-312657",
        "sourceLayer": "S19093-0200S-Pathways and Service Access Roads$0$L-SECONDARY ROAD HATCH",
        "sourceObjectIndex": 312657,
        "sourceConfidence": "direct-geometry"
      },
      "geometry": {
        "type": "LineString",
        "coordinates": [
          [
            642.163,
            781.098
          ],
          [
            627.287,
            790.968
          ],
          [
            613.403,
            798.878
          ],
          [
            597.142,
            806.723
          ],
          [
            582.21,
            812.703
          ],
          [
            566.926,
            817.706
          ],
          [
            551.385,
            821.705
          ],
          [
            535.686,
            824.683
          ],
          [
            517.961,
            826.812
          ]
        ]
      }
    },
    {
      "type": "Feature",
      "properties": {
        "id": "pathway-312658",
        "sourceLayer": "S19093-0200S-Pathways and Service Access Roads$0$L-SECONDARY ROAD HATCH",
        "sourceObjectIndex": 312658,
        "sourceConfidence": "direct-geometry"
      },
      "geometry": {
        "type": "LineString",
        "coordinates": [
          [
            517.961,
            826.812
          ],
          [
            508.126,
            828.019
          ],
          [
            500.326,
            829.529
          ],
          [
            492.633,
            831.518
          ],
          [
            483.235,
            834.654
          ]
        ]
      }
    },
    {
      "type": "Feature",
      "properties": {
        "id": "pathway-312659",
        "sourceLayer": "S19093-0200S-Pathways and Service Access Roads$0$L-SECONDARY ROAD HATCH",
        "sourceObjectIndex": 312659,
        "sourceConfidence": "direct-geometry"
      },
      "geometry": {
        "type": "LineString",
        "coordinates": [
          [
            483.235,
            834.654
          ],
          [
            479.589,
            829.627
          ]
        ]
      }
    },
    {
      "type": "Feature",
      "properties": {
        "id": "pathway-312660",
        "sourceLayer": "S19093-0200S-Pathways and Service Access Roads$0$L-SECONDARY ROAD HATCH",
        "sourceObjectIndex": 312660,
        "sourceConfidence": "direct-geometry"
      },
      "geometry": {
        "type": "LineString",
        "coordinates": [
          [
            479.589,
            829.627
          ],
          [
            488.781,
            826.411
          ],
          [
            498.206,
            823.86
          ],
          [
            507.79,
            821.996
          ],
          [
            517.459,
            820.833
          ]
        ]
      }
    },
    {
      "type": "Feature",
      "properties": {
        "id": "pathway-312661",
        "sourceLayer": "S19093-0200S-Pathways and Service Access Roads$0$L-SECONDARY ROAD HATCH",
        "sourceObjectIndex": 312661,
        "sourceConfidence": "direct-geometry"
      },
      "geometry": {
        "type": "LineString",
        "coordinates": [
          [
            517.459,
            820.833
          ],
          [
            535.171,
            818.69
          ],
          [
            550.855,
            815.674
          ],
          [
            566.374,
            811.614
          ],
          [
            581.623,
            806.527
          ],
          [
            596.504,
            800.443
          ],
          [
            610.918,
            793.405
          ],
          [
            624.777,
            785.468
          ],
          [
            639.605,
            775.546
          ]
        ]
      }
    },
    {
      "type": "Feature",
      "properties": {
        "id": "pathway-312662",
        "sourceLayer": "S19093-0200S-Pathways and Service Access Roads$0$L-SECONDARY ROAD HATCH",
        "sourceObjectIndex": 312662,
        "sourceConfidence": "direct-geometry"
      },
      "geometry": {
        "type": "LineString",
        "coordinates": [
          [
            639.605,
            775.546
          ],
          [
            632.604,
            758.916
          ],
          [
            626.43,
            741.932
          ],
          [
            621.656,
            726.589
          ],
          [
            617.106,
            709.11
          ],
          [
            613.824,
            693.414
          ],
          [
            610.962,
            675.581
          ],
          [
            608.922,
            657.629
          ],
          [
            607.709,
            639.616
          ]
        ]
      }
    },
    {
      "type": "Feature",
      "properties": {
        "id": "pathway-312663",
        "sourceLayer": "S19093-0200S-Pathways and Service Access Roads$0$L-SECONDARY ROAD HATCH",
        "sourceObjectIndex": 312663,
        "sourceConfidence": "direct-geometry"
      },
      "geometry": {
        "type": "LineString",
        "coordinates": [
          [
            607.709,
            639.616
          ],
          [
            597.167,
            642.999
          ],
          [
            591.759,
            644.224
          ],
          [
            584.467,
            645.357
          ]
        ]
      }
    },
    {
      "type": "Feature",
      "properties": {
        "id": "pathway-312664",
        "sourceLayer": "S19093-0200S-Pathways and Service Access Roads$0$L-SECONDARY ROAD HATCH",
        "sourceObjectIndex": 312664,
        "sourceConfidence": "direct-geometry"
      },
      "geometry": {
        "type": "LineString",
        "coordinates": [
          [
            584.467,
            645.357
          ],
          [
            577.216,
            646.541
          ],
          [
            571.847,
            647.846
          ],
          [
            561.442,
            651.493
          ]
        ]
      }
    },
    {
      "type": "Feature",
      "properties": {
        "id": "pathway-312665",
        "sourceLayer": "S19093-0200S-Pathways and Service Access Roads$0$L-SECONDARY ROAD HATCH",
        "sourceObjectIndex": 312665,
        "sourceConfidence": "direct-geometry"
      },
      "geometry": {
        "type": "LineString",
        "coordinates": [
          [
            561.442,
            651.493
          ],
          [
            546.582,
            657.071
          ],
          [
            531.23,
            661.348
          ],
          [
            515.558,
            664.266
          ],
          [
            507.659,
            665.205
          ],
          [
            497.771,
            665.892
          ]
        ]
      }
    },
    {
      "type": "Feature",
      "properties": {
        "id": "pathway-312666",
        "sourceLayer": "S19093-0200S-Pathways and Service Access Roads$0$L-SECONDARY ROAD HATCH",
        "sourceObjectIndex": 312666,
        "sourceConfidence": "direct-geometry"
      },
      "geometry": {
        "type": "LineString",
        "coordinates": [
          [
            497.771,
            665.892
          ],
          [
            486.898,
            667.099
          ],
          [
            481.539,
            668.259
          ],
          [
            474.56,
            670.365
          ]
        ]
      }
    },
    {
      "type": "Feature",
      "properties": {
        "id": "pathway-312667",
        "sourceLayer": "S19093-0200S-Pathways and Service Access Roads$0$L-SECONDARY ROAD HATCH",
        "sourceObjectIndex": 312667,
        "sourceConfidence": "direct-geometry"
      },
      "geometry": {
        "type": "LineString",
        "coordinates": [
          [
            474.56,
            670.365
          ],
          [
            463.359,
            673.636
          ],
          [
            451.799,
            675.676
          ],
          [
            440.086,
            676.437
          ],
          [
            428.429,
            675.918
          ]
        ]
      }
    },
    {
      "type": "Feature",
      "properties": {
        "id": "pathway-312668",
        "sourceLayer": "S19093-0200S-Pathways and Service Access Roads$0$L-SECONDARY ROAD HATCH",
        "sourceObjectIndex": 312668,
        "sourceConfidence": "direct-geometry"
      },
      "geometry": {
        "type": "LineString",
        "coordinates": [
          [
            428.429,
            675.918
          ],
          [
            422.154,
            675.483
          ],
          [
            414.816,
            675.453
          ]
        ]
      }
    },
    {
      "type": "Feature",
      "properties": {
        "id": "pathway-312669",
        "sourceLayer": "S19093-0200S-Pathways and Service Access Roads$0$L-SECONDARY ROAD HATCH",
        "sourceObjectIndex": 312669,
        "sourceConfidence": "direct-geometry"
      },
      "geometry": {
        "type": "LineString",
        "coordinates": [
          [
            414.816,
            675.453
          ],
          [
            413.803,
            669.484
          ]
        ]
      }
    },
    {
      "type": "Feature",
      "properties": {
        "id": "pathway-312670",
        "sourceLayer": "S19093-0200S-Pathways and Service Access Roads$0$L-SECONDARY ROAD HATCH",
        "sourceObjectIndex": 312670,
        "sourceConfidence": "direct-geometry"
      },
      "geometry": {
        "type": "LineString",
        "coordinates": [
          [
            413.803,
            669.484
          ],
          [
            422.007,
            669.474
          ],
          [
            429.022,
            669.948
          ]
        ]
      }
    },
    {
      "type": "Feature",
      "properties": {
        "id": "pathway-312671",
        "sourceLayer": "S19093-0200S-Pathways and Service Access Roads$0$L-SECONDARY ROAD HATCH",
        "sourceObjectIndex": 312671,
        "sourceConfidence": "direct-geometry"
      },
      "geometry": {
        "type": "LineString",
        "coordinates": [
          [
            429.022,
            669.948
          ],
          [
            440.507,
            670.432
          ],
          [
            452.04,
            669.599
          ],
          [
            461.525,
            667.902
          ],
          [
            472.566,
            664.706
          ]
        ]
      }
    },
    {
      "type": "Feature",
      "properties": {
        "id": "pathway-312672",
        "sourceLayer": "S19093-0200S-Pathways and Service Access Roads$0$L-SECONDARY ROAD HATCH",
        "sourceObjectIndex": 312672,
        "sourceConfidence": "direct-geometry"
      },
      "geometry": {
        "type": "LineString",
        "coordinates": [
          [
            472.566,
            664.706
          ],
          [
            480.069,
            662.442
          ],
          [
            485.83,
            661.195
          ],
          [
            491.66,
            660.345
          ],
          [
            497.518,
            659.897
          ]
        ]
      }
    },
    {
      "type": "Feature",
      "properties": {
        "id": "pathway-312673",
        "sourceLayer": "S19093-0200S-Pathways and Service Access Roads$0$L-SECONDARY ROAD HATCH",
        "sourceObjectIndex": 312673,
        "sourceConfidence": "direct-geometry"
      },
      "geometry": {
        "type": "LineString",
        "coordinates": [
          [
            497.518,
            659.897
          ],
          [
            513.288,
            658.521
          ],
          [
            528.934,
            655.718
          ],
          [
            544.263,
            651.516
          ],
          [
            559.091,
            645.973
          ]
        ]
      }
    },
    {
      "type": "Feature",
      "properties": {
        "id": "pathway-312674",
        "sourceLayer": "S19093-0200S-Pathways and Service Access Roads$0$L-SECONDARY ROAD HATCH",
        "sourceObjectIndex": 312674,
        "sourceConfidence": "direct-geometry"
      },
      "geometry": {
        "type": "LineString",
        "coordinates": [
          [
            559.091,
            645.973
          ],
          [
            570.239,
            642.066
          ],
          [
            575.991,
            640.668
          ],
          [
            583.761,
            639.399
          ]
        ]
      }
    },
    {
      "type": "Feature",
      "properties": {
        "id": "pathway-312675",
        "sourceLayer": "S19093-0200S-Pathways and Service Access Roads$0$L-SECONDARY ROAD HATCH",
        "sourceObjectIndex": 312675,
        "sourceConfidence": "direct-geometry"
      },
      "geometry": {
        "type": "LineString",
        "coordinates": [
          [
            583.761,
            639.399
          ],
          [
            591.3,
            638.189
          ],
          [
            596.887,
            636.874
          ],
          [
            607.75,
            633.231
          ]
        ]
      }
    },
    {
      "type": "Feature",
      "properties": {
        "id": "pathway-312676",
        "sourceLayer": "S19093-0200S-Pathways and Service Access Roads$0$L-SECONDARY ROAD HATCH",
        "sourceObjectIndex": 312676,
        "sourceConfidence": "direct-geometry"
      },
      "geometry": {
        "type": "LineString",
        "coordinates": [
          [
            607.75,
            633.231
          ],
          [
            607.813,
            619.26
          ],
          [
            608.424,
            605.29
          ],
          [
            609.584,
            591.354
          ],
          [
            611.577,
            575.51
          ]
        ]
      }
    },
    {
      "type": "Feature",
      "properties": {
        "id": "pathway-312677",
        "sourceLayer": "S19093-0200S-Pathways and Service Access Roads$0$L-SECONDARY ROAD HATCH",
        "sourceObjectIndex": 312677,
        "sourceConfidence": "direct-geometry"
      },
      "geometry": {
        "type": "LineString",
        "coordinates": [
          [
            611.577,
            575.51
          ],
          [
            603.679,
            572.986
          ]
        ]
      }
    },
    {
      "type": "Feature",
      "properties": {
        "id": "pathway-312678",
        "sourceLayer": "S19093-0200S-Pathways and Service Access Roads$0$L-SECONDARY ROAD HATCH",
        "sourceObjectIndex": 312678,
        "sourceConfidence": "direct-geometry"
      },
      "geometry": {
        "type": "LineString",
        "coordinates": [
          [
            603.679,
            572.986
          ],
          [
            599.98,
            571.625
          ],
          [
            596.099,
            570.654
          ],
          [
            590.08,
            569.994
          ],
          [
            584.033,
            570.325
          ],
          [
            580.105,
            571.083
          ],
          [
            576.337,
            572.24
          ]
        ]
      }
    },
    {
      "type": "Feature",
      "properties": {
        "id": "pathway-312679",
        "sourceLayer": "S19093-0200S-Pathways and Service Access Roads$0$L-SECONDARY ROAD HATCH",
        "sourceObjectIndex": 312679,
        "sourceConfidence": "direct-geometry"
      },
      "geometry": {
        "type": "LineString",
        "coordinates": [
          [
            576.337,
            572.24
          ],
          [
            563.052,
            576.434
          ],
          [
            551.357,
            579.062
          ],
          [
            537.501,
            580.961
          ],
          [
            523.583,
            581.586
          ]
        ]
      }
    },
    {
      "type": "Feature",
      "properties": {
        "id": "pathway-312680",
        "sourceLayer": "S19093-0200S-Pathways and Service Access Roads$0$L-SECONDARY ROAD HATCH",
        "sourceObjectIndex": 312680,
        "sourceConfidence": "direct-geometry"
      },
      "geometry": {
        "type": "LineString",
        "coordinates": [
          [
            523.583,
            581.586
          ],
          [
            511.88,
            582.045
          ],
          [
            498.323,
            583.756
          ]
        ]
      }
    },
    {
      "type": "Feature",
      "properties": {
        "id": "pathway-312681",
        "sourceLayer": "S19093-0200S-Pathways and Service Access Roads$0$L-SECONDARY ROAD HATCH",
        "sourceObjectIndex": 312681,
        "sourceConfidence": "direct-geometry"
      },
      "geometry": {
        "type": "LineString",
        "coordinates": [
          [
            498.323,
            583.756
          ],
          [
            490.469,
            585.429
          ],
          [
            482.702,
            587.713
          ],
          [
            475.094,
            590.599
          ],
          [
            469.534,
            593.148
          ],
          [
            464.13,
            596.014
          ],
          [
            457.213,
            600.3
          ],
          [
            450.679,
            605.079
          ],
          [
            444.575,
            610.298
          ]
        ]
      }
    },
    {
      "type": "Feature",
      "properties": {
        "id": "pathway-312682",
        "sourceLayer": "S19093-0200S-Pathways and Service Access Roads$0$L-SECONDARY ROAD HATCH",
        "sourceObjectIndex": 312682,
        "sourceConfidence": "direct-geometry"
      },
      "geometry": {
        "type": "LineString",
        "coordinates": [
          [
            444.575,
            610.298
          ],
          [
            425.51,
            627.895
          ]
        ]
      }
    },
    {
      "type": "Feature",
      "properties": {
        "id": "pathway-312683",
        "sourceLayer": "S19093-0200S-Pathways and Service Access Roads$0$L-SECONDARY ROAD HATCH",
        "sourceObjectIndex": 312683,
        "sourceConfidence": "direct-geometry"
      },
      "geometry": {
        "type": "LineString",
        "coordinates": [
          [
            425.51,
            627.895
          ],
          [
            422.348,
            630.498
          ],
          [
            418.864,
            632.72
          ],
          [
            415.132,
            634.504
          ],
          [
            409.916,
            636.143
          ]
        ]
      }
    },
    {
      "type": "Feature",
      "properties": {
        "id": "pathway-312684",
        "sourceLayer": "S19093-0200S-Pathways and Service Access Roads$0$L-SECONDARY ROAD HATCH",
        "sourceObjectIndex": 312684,
        "sourceConfidence": "direct-geometry"
      },
      "geometry": {
        "type": "LineString",
        "coordinates": [
          [
            409.916,
            636.143
          ],
          [
            409.53,
            630.118
          ]
        ]
      }
    },
    {
      "type": "Feature",
      "properties": {
        "id": "pathway-312685",
        "sourceLayer": "S19093-0200S-Pathways and Service Access Roads$0$L-SECONDARY ROAD HATCH",
        "sourceObjectIndex": 312685,
        "sourceConfidence": "direct-geometry"
      },
      "geometry": {
        "type": "LineString",
        "coordinates": [
          [
            409.53,
            630.118
          ],
          [
            413.503,
            628.696
          ],
          [
            416.343,
            627.249
          ],
          [
            421.44,
            623.486
          ]
        ]
      }
    },
    {
      "type": "Feature",
      "properties": {
        "id": "pathway-312686",
        "sourceLayer": "S19093-0200S-Pathways and Service Access Roads$0$L-SECONDARY ROAD HATCH",
        "sourceObjectIndex": 312686,
        "sourceConfidence": "direct-geometry"
      },
      "geometry": {
        "type": "LineString",
        "coordinates": [
          [
            421.44,
            623.486
          ],
          [
            440.506,
            605.889
          ]
        ]
      }
    },
    {
      "type": "Feature",
      "properties": {
        "id": "pathway-312687",
        "sourceLayer": "S19093-0200S-Pathways and Service Access Roads$0$L-SECONDARY ROAD HATCH",
        "sourceObjectIndex": 312687,
        "sourceConfidence": "direct-geometry"
      },
      "geometry": {
        "type": "LineString",
        "coordinates": [
          [
            440.506,
            605.889
          ],
          [
            446.538,
            600.706
          ],
          [
            452.973,
            595.929
          ],
          [
            459.769,
            591.603
          ],
          [
            466.877,
            587.768
          ],
          [
            474.243,
            584.456
          ],
          [
            481.809,
            581.689
          ],
          [
            489.514,
            579.483
          ],
          [
            497.296,
            577.844
          ]
        ]
      }
    },
    {
      "type": "Feature",
      "properties": {
        "id": "pathway-312688",
        "sourceLayer": "S19093-0200S-Pathways and Service Access Roads$0$L-SECONDARY ROAD HATCH",
        "sourceObjectIndex": 312688,
        "sourceConfidence": "direct-geometry"
      },
      "geometry": {
        "type": "LineString",
        "coordinates": [
          [
            497.296,
            577.844
          ],
          [
            510.393,
            576.147
          ],
          [
            523.587,
            575.586
          ]
        ]
      }
    },
    {
      "type": "Feature",
      "properties": {
        "id": "pathway-312689",
        "sourceLayer": "S19093-0200S-Pathways and Service Access Roads$0$L-SECONDARY ROAD HATCH",
        "sourceObjectIndex": 312689,
        "sourceConfidence": "direct-geometry"
      },
      "geometry": {
        "type": "LineString",
        "coordinates": [
          [
            523.587,
            575.586
          ],
          [
            537.473,
            574.938
          ],
          [
            549.326,
            573.332
          ],
          [
            561.009,
            570.768
          ],
          [
            574.273,
            566.607
          ]
        ]
      }
    },
    {
      "type": "Feature",
      "properties": {
        "id": "pathway-312690",
        "sourceLayer": "S19093-0200S-Pathways and Service Access Roads$0$L-SECONDARY ROAD HATCH",
        "sourceObjectIndex": 312690,
        "sourceConfidence": "direct-geometry"
      },
      "geometry": {
        "type": "LineString",
        "coordinates": [
          [
            574.273,
            566.607
          ],
          [
            581.588,
            564.636
          ],
          [
            589.274,
            563.981
          ],
          [
            596.969,
            564.712
          ],
          [
            600.704,
            565.584
          ],
          [
            606.048,
            567.473
          ]
        ]
      }
    },
    {
      "type": "Feature",
      "properties": {
        "id": "pathway-312691",
        "sourceLayer": "S19093-0200S-Pathways and Service Access Roads$0$L-SECONDARY ROAD HATCH",
        "sourceObjectIndex": 312691,
        "sourceConfidence": "direct-geometry"
      },
      "geometry": {
        "type": "LineString",
        "coordinates": [
          [
            606.048,
            567.473
          ],
          [
            612.51,
            569.572
          ]
        ]
      }
    },
    {
      "type": "Feature",
      "properties": {
        "id": "pathway-312692",
        "sourceLayer": "S19093-0200S-Pathways and Service Access Roads$0$L-SECONDARY ROAD HATCH",
        "sourceObjectIndex": 312692,
        "sourceConfidence": "direct-geometry"
      },
      "geometry": {
        "type": "LineString",
        "coordinates": [
          [
            612.51,
            569.572
          ],
          [
            617.065,
            546.763
          ],
          [
            619.9,
            535.479
          ],
          [
            623.669,
            522.446
          ]
        ]
      }
    },
    {
      "type": "Feature",
      "properties": {
        "id": "pathway-312693",
        "sourceLayer": "S19093-0200S-Pathways and Service Access Roads$0$L-SECONDARY ROAD HATCH",
        "sourceObjectIndex": 312693,
        "sourceConfidence": "direct-geometry"
      },
      "geometry": {
        "type": "LineString",
        "coordinates": [
          [
            623.669,
            522.446
          ],
          [
            629.279,
            505.529
          ],
          [
            634.834,
            490.657
          ],
          [
            641.71,
            474.148
          ],
          [
            648.37,
            459.703
          ],
          [
            655.533,
            445.501
          ],
          [
            663.185,
            431.568
          ],
          [
            671.31,
            417.929
          ],
          [
            680.995,
            402.967
          ]
        ]
      }
    },
    {
      "type": "Feature",
      "properties": {
        "id": "pathway-312694",
        "sourceLayer": "S19093-0200S-Pathways and Service Access Roads$0$L-SECONDARY ROAD HATCH",
        "sourceObjectIndex": 312694,
        "sourceConfidence": "direct-geometry"
      },
      "geometry": {
        "type": "LineString",
        "coordinates": [
          [
            680.995,
            402.967
          ],
          [
            685.153,
            398.115
          ],
          [
            687.632,
            396.067
          ],
          [
            691.244,
            393.818
          ]
        ]
      }
    },
    {
      "type": "Feature",
      "properties": {
        "id": "pathway-312695",
        "sourceLayer": "S19093-0200S-Pathways and Service Access Roads$0$L-SECONDARY ROAD HATCH",
        "sourceObjectIndex": 312695,
        "sourceConfidence": "direct-geometry"
      },
      "geometry": {
        "type": "LineString",
        "coordinates": [
          [
            691.244,
            393.818
          ],
          [
            696.346,
            394.745
          ],
          [
            702.056,
            396.746
          ]
        ]
      }
    },
    {
      "type": "Feature",
      "properties": {
        "id": "pathway-312696",
        "sourceLayer": "S19093-0200S-Pathways and Service Access Roads$0$L-SECONDARY ROAD HATCH",
        "sourceObjectIndex": 312696,
        "sourceConfidence": "direct-geometry"
      },
      "geometry": {
        "type": "LineString",
        "coordinates": [
          [
            702.056,
            396.746
          ],
          [
            697.746,
            397.609
          ],
          [
            693.598,
            399.363
          ],
          [
            689.882,
            401.936
          ],
          [
            685.967,
            406.326
          ]
        ]
      }
    },
    {
      "type": "Feature",
      "properties": {
        "id": "pathway-312697",
        "sourceLayer": "S19093-0200S-Pathways and Service Access Roads$0$L-SECONDARY ROAD HATCH",
        "sourceObjectIndex": 312697,
        "sourceConfidence": "direct-geometry"
      },
      "geometry": {
        "type": "LineString",
        "coordinates": [
          [
            685.967,
            406.326
          ],
          [
            676.269,
            421.317
          ],
          [
            668.142,
            434.986
          ],
          [
            660.496,
            448.954
          ],
          [
            653.349,
            463.195
          ],
          [
            646.713,
            477.681
          ],
          [
            640.602,
            492.385
          ],
          [
            635.025,
            507.278
          ],
          [
            629.4,
            524.223
          ]
        ]
      }
    },
    {
      "type": "Feature",
      "properties": {
        "id": "pathway-312698",
        "sourceLayer": "S19093-0200S-Pathways and Service Access Roads$0$L-SECONDARY ROAD HATCH",
        "sourceObjectIndex": 312698,
        "sourceConfidence": "direct-geometry"
      },
      "geometry": {
        "type": "LineString",
        "coordinates": [
          [
            629.4,
            524.223
          ],
          [
            623.181,
            546.969
          ],
          [
            618.509,
            570.082
          ]
        ]
      }
    },
    {
      "type": "Feature",
      "properties": {
        "id": "pathway-312699",
        "sourceLayer": "S19093-0200S-Pathways and Service Access Roads$0$L-SECONDARY ROAD HATCH",
        "sourceObjectIndex": 312699,
        "sourceConfidence": "direct-geometry"
      },
      "geometry": {
        "type": "LineString",
        "coordinates": [
          [
            618.509,
            570.082
          ],
          [
            624.185,
            570.375
          ],
          [
            628.465,
            570.064
          ],
          [
            632.683,
            569.301
          ],
          [
            636.77,
            568.102
          ]
        ]
      }
    },
    {
      "type": "Feature",
      "properties": {
        "id": "pathway-312700",
        "sourceLayer": "S19093-0200S-Pathways and Service Access Roads$0$L-SECONDARY ROAD HATCH",
        "sourceObjectIndex": 312700,
        "sourceConfidence": "direct-geometry"
      },
      "geometry": {
        "type": "LineString",
        "coordinates": [
          [
            636.77,
            568.102
          ],
          [
            645.915,
            565.46
          ],
          [
            656.855,
            563.556
          ]
        ]
      }
    },
    {
      "type": "Feature",
      "properties": {
        "id": "pathway-312701",
        "sourceLayer": "S19093-0200S-Pathways and Service Access Roads$0$L-SECONDARY ROAD HATCH",
        "sourceObjectIndex": 312701,
        "sourceConfidence": "direct-geometry"
      },
      "geometry": {
        "type": "LineString",
        "coordinates": [
          [
            656.855,
            563.556
          ],
          [
            664.581,
            563.133
          ],
          [
            670.464,
            563.418
          ],
          [
            676.344,
            564.233
          ],
          [
            682.151,
            565.579
          ],
          [
            687.813,
            567.442
          ],
          [
            693.263,
            569.796
          ],
          [
            698.44,
            572.605
          ],
          [
            704.825,
            576.975
          ]
        ]
      }
    },
    {
      "type": "Feature",
      "properties": {
        "id": "pathway-312702",
        "sourceLayer": "S19093-0200S-Pathways and Service Access Roads$0$L-SECONDARY ROAD HATCH",
        "sourceObjectIndex": 312702,
        "sourceConfidence": "direct-geometry"
      },
      "geometry": {
        "type": "LineString",
        "coordinates": [
          [
            704.825,
            576.975
          ],
          [
            711.57,
            580.875
          ],
          [
            718.761,
            584.132
          ],
          [
            726.303,
            586.676
          ],
          [
            732.124,
            588.083
          ],
          [
            738.032,
            589.048
          ],
          [
            745.957,
            589.634
          ],
          [
            751.87,
            589.554
          ],
          [
            759.623,
            588.777
          ]
        ]
      }
    },
    {
      "type": "Feature",
      "properties": {
        "id": "pathway-312703",
        "sourceLayer": "S19093-0200S-Pathways and Service Access Roads$0$L-SECONDARY ROAD HATCH",
        "sourceObjectIndex": 312703,
        "sourceConfidence": "direct-geometry"
      },
      "geometry": {
        "type": "LineString",
        "coordinates": [
          [
            759.623,
            588.777
          ],
          [
            763.409,
            588.161
          ],
          [
            767.297,
            587.941
          ],
          [
            773.184,
            588.388
          ],
          [
            777.048,
            589.208
          ],
          [
            780.786,
            590.429
          ],
          [
            784.34,
            592.023
          ],
          [
            787.657,
            593.948
          ]
        ]
      }
    },
    {
      "type": "Feature",
      "properties": {
        "id": "pathway-312704",
        "sourceLayer": "S19093-0200S-Pathways and Service Access Roads$0$L-SECONDARY ROAD HATCH",
        "sourceObjectIndex": 312704,
        "sourceConfidence": "direct-geometry"
      },
      "geometry": {
        "type": "LineString",
        "coordinates": [
          [
            787.657,
            593.948
          ],
          [
            794.257,
            597.496
          ],
          [
            799.657,
            599.343
          ],
          [
            807.163,
            600.591
          ],
          [
            814.655,
            600.423
          ]
        ]
      }
    },
    {
      "type": "Feature",
      "properties": {
        "id": "pathway-312705",
        "sourceLayer": "S19093-0200S-Pathways and Service Access Roads$0$L-SECONDARY ROAD HATCH",
        "sourceObjectIndex": 312705,
        "sourceConfidence": "direct-geometry"
      },
      "geometry": {
        "type": "LineString",
        "coordinates": [
          [
            814.655,
            600.423
          ],
          [
            826.422,
            599.743
          ],
          [
            836.28,
            600.154
          ],
          [
            846.057,
            601.451
          ],
          [
            855.634,
            603.615
          ]
        ]
      }
    },
    {
      "type": "Feature",
      "properties": {
        "id": "pathway-312706",
        "sourceLayer": "S19093-0200S-Pathways and Service Access Roads$0$L-SECONDARY ROAD HATCH",
        "sourceObjectIndex": 312706,
        "sourceConfidence": "direct-geometry"
      },
      "geometry": {
        "type": "LineString",
        "coordinates": [
          [
            855.634,
            603.615
          ],
          [
            870.554,
            606.713
          ],
          [
            885.688,
            608.494
          ]
        ]
      }
    },
    {
      "type": "Feature",
      "properties": {
        "id": "pathway-312707",
        "sourceLayer": "S19093-0200S-Pathways and Service Access Roads$0$L-SECONDARY ROAD HATCH",
        "sourceObjectIndex": 312707,
        "sourceConfidence": "direct-geometry"
      },
      "geometry": {
        "type": "LineString",
        "coordinates": [
          [
            885.688,
            608.494
          ],
          [
            901.467,
            609.672
          ]
        ]
      }
    },
    {
      "type": "Feature",
      "properties": {
        "id": "pathway-312708",
        "sourceLayer": "S19093-0200S-Pathways and Service Access Roads$0$L-SECONDARY ROAD HATCH",
        "sourceObjectIndex": 312708,
        "sourceConfidence": "direct-geometry"
      },
      "geometry": {
        "type": "LineString",
        "coordinates": [
          [
            901.467,
            609.672
          ],
          [
            905.363,
            609.552
          ],
          [
            909.286,
            608.91
          ],
          [
            914.993,
            606.961
          ],
          [
            920.179,
            603.923
          ],
          [
            924.562,
            600.015
          ]
        ]
      }
    },
    {
      "type": "Feature",
      "properties": {
        "id": "pathway-312709",
        "sourceLayer": "S19093-0200S-Pathways and Service Access Roads$0$L-SECONDARY ROAD HATCH",
        "sourceObjectIndex": 312709,
        "sourceConfidence": "direct-geometry"
      },
      "geometry": {
        "type": "LineString",
        "coordinates": [
          [
            924.562,
            600.015
          ],
          [
            929.089,
            596.826
          ],
          [
            932.531,
            595.141
          ],
          [
            936.234,
            593.896
          ],
          [
            940.113,
            593.144
          ],
          [
            944.066,
            592.915
          ],
          [
            949.906,
            593.552
          ],
          [
            953.596,
            594.584
          ],
          [
            958.627,
            596.899
          ]
        ]
      }
    },
    {
      "type": "Feature",
      "properties": {
        "id": "pathway-312710",
        "sourceLayer": "S19093-0200S-Pathways and Service Access Roads$0$L-SECONDARY ROAD HATCH",
        "sourceObjectIndex": 312710,
        "sourceConfidence": "direct-geometry"
      },
      "geometry": {
        "type": "LineString",
        "coordinates": [
          [
            958.627,
            596.899
          ],
          [
            967.334,
            601.935
          ]
        ]
      }
    },
    {
      "type": "Feature",
      "properties": {
        "id": "pathway-312711",
        "sourceLayer": "S19093-0200S-Pathways and Service Access Roads$0$L-SECONDARY ROAD HATCH",
        "sourceObjectIndex": 312711,
        "sourceConfidence": "direct-geometry"
      },
      "geometry": {
        "type": "LineString",
        "coordinates": [
          [
            967.334,
            601.935
          ],
          [
            976.486,
            608.83
          ],
          [
            983.843,
            615.338
          ]
        ]
      }
    },
    {
      "type": "Feature",
      "properties": {
        "id": "pathway-312712",
        "sourceLayer": "S19093-0200S-Pathways and Service Access Roads$0$L-SECONDARY ROAD HATCH",
        "sourceObjectIndex": 312712,
        "sourceConfidence": "direct-geometry"
      },
      "geometry": {
        "type": "LineString",
        "coordinates": [
          [
            983.843,
            615.338
          ],
          [
            991.013,
            621.024
          ],
          [
            995.987,
            623.9
          ],
          [
            999.55,
            625.532
          ],
          [
            1005.204,
            627.483
          ],
          [
            1009.137,
            628.421
          ],
          [
            1015.196,
            629.24
          ],
          [
            1019.285,
            629.381
          ],
          [
            1027.41,
            628.681
          ],
          [
            1031.368,
            627.856
          ],
          [
            1037.076,
            626.066
          ],
          [
            1040.683,
            624.537
          ],
          [
            1045.737,
            621.804
          ],
          [
            1053.067,
            616.324
          ]
        ]
      }
    },
    {
      "type": "Feature",
      "properties": {
        "id": "pathway-312713",
        "sourceLayer": "S19093-0200S-Pathways and Service Access Roads$0$L-SECONDARY ROAD HATCH",
        "sourceObjectIndex": 312713,
        "sourceConfidence": "direct-geometry"
      },
      "geometry": {
        "type": "LineString",
        "coordinates": [
          [
            1053.067,
            616.324
          ],
          [
            1057.146,
            612.334
          ],
          [
            1060.885,
            607.993
          ],
          [
            1064.242,
            603.345
          ],
          [
            1068.063,
            596.761
          ]
        ]
      }
    },
    {
      "type": "Feature",
      "properties": {
        "id": "pathway-312714",
        "sourceLayer": "S19093-0200S-Pathways and Service Access Roads$0$L-SECONDARY ROAD HATCH",
        "sourceObjectIndex": 312714,
        "sourceConfidence": "direct-geometry"
      },
      "geometry": {
        "type": "LineString",
        "coordinates": [
          [
            1068.063,
            596.761
          ],
          [
            1071.011,
            591.633
          ],
          [
            1073.294,
            588.368
          ],
          [
            1078.563,
            582.33
          ],
          [
            1084.64,
            577.105
          ],
          [
            1087.922,
            574.846
          ],
          [
            1093.071,
            571.935
          ]
        ]
      }
    },
    {
      "type": "Feature",
      "properties": {
        "id": "pathway-312715",
        "sourceLayer": "S19093-0200S-Pathways and Service Access Roads$0$L-SECONDARY ROAD HATCH",
        "sourceObjectIndex": 312715,
        "sourceConfidence": "direct-geometry"
      },
      "geometry": {
        "type": "LineString",
        "coordinates": [
          [
            1093.071,
            571.935
          ],
          [
            1096.761,
            569.492
          ],
          [
            1099.848,
            566.072
          ],
          [
            1101.979,
            561.945
          ],
          [
            1102.621,
            559.743
          ],
          [
            1103.047,
            555.338
          ],
          [
            1102.386,
            550.963
          ],
          [
            1101.627,
            548.798
          ],
          [
            1099.279,
            544.79
          ],
          [
            1096.013,
            541.541
          ],
          [
            1092.198,
            539.298
          ]
        ]
      }
    },
    {
      "type": "Feature",
      "properties": {
        "id": "pathway-312716",
        "sourceLayer": "S19093-0200S-Pathways and Service Access Roads$0$L-SECONDARY ROAD HATCH",
        "sourceObjectIndex": 312716,
        "sourceConfidence": "direct-geometry"
      },
      "geometry": {
        "type": "LineString",
        "coordinates": [
          [
            1092.198,
            539.298
          ],
          [
            1086.715,
            537.365
          ],
          [
            1082.872,
            536.495
          ],
          [
            1074.95,
            535.852
          ],
          [
            1067.067,
            536.709
          ],
          [
            1059.63,
            538.972
          ]
        ]
      }
    },
    {
      "type": "Feature",
      "properties": {
        "id": "pathway-312717",
        "sourceLayer": "S19093-0200S-Pathways and Service Access Roads$0$L-SECONDARY ROAD HATCH",
        "sourceObjectIndex": 312717,
        "sourceConfidence": "direct-geometry"
      },
      "geometry": {
        "type": "LineString",
        "coordinates": [
          [
            1081.634,
            492.417
          ],
          [
            1090.956,
            489.032
          ],
          [
            1098.724,
            487.161
          ],
          [
            1108.635,
            485.927
          ],
          [
            1118.554,
            485.933
          ]
        ]
      }
    },
    {
      "type": "Feature",
      "properties": {
        "id": "pathway-312718",
        "sourceLayer": "S19093-0200S-Pathways and Service Access Roads$0$L-SECONDARY ROAD HATCH",
        "sourceObjectIndex": 312718,
        "sourceConfidence": "direct-geometry"
      },
      "geometry": {
        "type": "LineString",
        "coordinates": [
          [
            1118.554,
            485.933
          ],
          [
            1124.912,
            486.961
          ],
          [
            1131.065,
            489.262
          ],
          [
            1136.641,
            492.736
          ],
          [
            1141.333,
            497.148
          ],
          [
            1145.079,
            502.388
          ],
          [
            1147.777,
            508.378
          ],
          [
            1149.235,
            514.783
          ],
          [
            1149.405,
            521.222
          ]
        ]
      }
    },
    {
      "type": "Feature",
      "properties": {
        "id": "pathway-312719",
        "sourceLayer": "S19093-0200S-Pathways and Service Access Roads$0$L-SECONDARY ROAD HATCH",
        "sourceObjectIndex": 312719,
        "sourceConfidence": "direct-geometry"
      },
      "geometry": {
        "type": "LineString",
        "coordinates": [
          [
            1149.405,
            521.222
          ],
          [
            1148.905,
            534.331
          ],
          [
            1149.279,
            547.444
          ]
        ]
      }
    },
    {
      "type": "Feature",
      "properties": {
        "id": "pathway-312720",
        "sourceLayer": "S19093-0200S-Pathways and Service Access Roads$0$L-SECONDARY ROAD HATCH",
        "sourceObjectIndex": 312720,
        "sourceConfidence": "direct-geometry"
      },
      "geometry": {
        "type": "LineString",
        "coordinates": [
          [
            1149.279,
            547.444
          ],
          [
            1149.855,
            553.412
          ],
          [
            1150.849,
            559.364
          ],
          [
            1153.428,
            569.131
          ],
          [
            1157.122,
            578.532
          ],
          [
            1159.839,
            583.92
          ],
          [
            1162.903,
            589.074
          ]
        ]
      }
    },
    {
      "type": "Feature",
      "properties": {
        "id": "pathway-312721",
        "sourceLayer": "S19093-0200S-Pathways and Service Access Roads$0$L-SECONDARY ROAD HATCH",
        "sourceObjectIndex": 312721,
        "sourceConfidence": "direct-geometry"
      },
      "geometry": {
        "type": "LineString",
        "coordinates": [
          [
            1162.903,
            589.074
          ],
          [
            1167.447,
            594.811
          ],
          [
            1171.76,
            598.625
          ],
          [
            1175.024,
            600.824
          ],
          [
            1178.55,
            602.686
          ],
          [
            1184.209,
            604.755
          ],
          [
            1190.115,
            605.875
          ],
          [
            1196.034,
            606.03
          ],
          [
            1201.742,
            605.273
          ],
          [
            1208.714,
            603.049
          ]
        ]
      }
    },
    {
      "type": "Feature",
      "properties": {
        "id": "pathway-312722",
        "sourceLayer": "S19093-0200S-Pathways and Service Access Roads$0$L-SECONDARY ROAD HATCH",
        "sourceObjectIndex": 312722,
        "sourceConfidence": "direct-geometry"
      },
      "geometry": {
        "type": "LineString",
        "coordinates": [
          [
            1208.714,
            603.049
          ],
          [
            1213.926,
            601.379
          ],
          [
            1217.686,
            600.833
          ],
          [
            1223.523,
            600.998
          ],
          [
            1227.383,
            601.792
          ],
          [
            1231.084,
            603.117
          ],
          [
            1234.522,
            604.922
          ],
          [
            1237.613,
            607.132
          ],
          [
            1241.479,
            611.006
          ]
        ]
      }
    },
    {
      "type": "Feature",
      "properties": {
        "id": "pathway-312723",
        "sourceLayer": "S19093-0200S-Pathways and Service Access Roads$0$L-SECONDARY ROAD HATCH",
        "sourceObjectIndex": 312723,
        "sourceConfidence": "direct-geometry"
      },
      "geometry": {
        "type": "LineString",
        "coordinates": [
          [
            1241.479,
            611.006
          ],
          [
            1245.403,
            615.399
          ],
          [
            1249.739,
            619.485
          ],
          [
            1254.448,
            623.208
          ],
          [
            1259.483,
            626.52
          ],
          [
            1264.787,
            629.38
          ],
          [
            1270.299,
            631.758
          ],
          [
            1275.953,
            633.635
          ],
          [
            1281.682,
            635.005
          ]
        ]
      }
    },
    {
      "type": "Feature",
      "properties": {
        "id": "pathway-312724",
        "sourceLayer": "S19093-0200S-Pathways and Service Access Roads$0$L-SECONDARY ROAD HATCH",
        "sourceObjectIndex": 312724,
        "sourceConfidence": "direct-geometry"
      },
      "geometry": {
        "type": "LineString",
        "coordinates": [
          [
            1281.682,
            635.005
          ],
          [
            1291.102,
            632.306
          ],
          [
            1298.521,
            629.735
          ],
          [
            1305.806,
            626.808
          ],
          [
            1314.686,
            622.666
          ]
        ]
      }
    },
    {
      "type": "Feature",
      "properties": {
        "id": "pathway-312725",
        "sourceLayer": "S19093-0200S-Pathways and Service Access Roads$0$L-SECONDARY ROAD HATCH",
        "sourceObjectIndex": 312725,
        "sourceConfidence": "direct-geometry"
      },
      "geometry": {
        "type": "LineString",
        "coordinates": [
          [
            1314.686,
            622.666
          ],
          [
            1308.759,
            622.482
          ],
          [
            1304.723,
            622.007
          ],
          [
            1298.612,
            620.729
          ],
          [
            1294.549,
            619.488
          ],
          [
            1288.557,
            617.032
          ],
          [
            1284.686,
            615.004
          ],
          [
            1279.152,
            611.4
          ],
          [
            1275.695,
            608.649
          ],
          [
            1269.473,
            602.414
          ],
          [
            1266.756,
            598.991
          ],
          [
            1263.223,
            593.565
          ],
          [
            1261.243,
            589.805
          ],
          [
            1258.845,
            584.041
          ],
          [
            1257.624,
            580.165
          ],
          [
            1256.334,
            574.377
          ]
        ]
      }
    },
    {
      "type": "Feature",
      "properties": {
        "id": "pathway-312726",
        "sourceLayer": "S19093-0200S-Pathways and Service Access Roads$0$L-SECONDARY ROAD HATCH",
        "sourceObjectIndex": 312726,
        "sourceConfidence": "direct-geometry"
      },
      "geometry": {
        "type": "LineString",
        "coordinates": [
          [
            1256.334,
            574.377
          ],
          [
            1252.056,
            551.147
          ],
          [
            1247.559,
            529.967
          ]
        ]
      }
    },
    {
      "type": "Feature",
      "properties": {
        "id": "pathway-312727",
        "sourceLayer": "S19093-0200S-Pathways and Service Access Roads$0$L-SECONDARY ROAD HATCH",
        "sourceObjectIndex": 312727,
        "sourceConfidence": "direct-geometry"
      },
      "geometry": {
        "type": "LineString",
        "coordinates": [
          [
            1059.63,
            538.972
          ],
          [
            1050.133,
            542.237
          ],
          [
            1043.537,
            543.819
          ],
          [
            1033.381,
            545.236
          ],
          [
            1026.524,
            545.519
          ],
          [
            1019.67,
            545.268
          ],
          [
            1012.881,
            544.487
          ],
          [
            1006.218,
            543.192
          ],
          [
            996.579,
            540.341
          ],
          [
            993.65,
            539.096
          ],
          [
            990.847,
            537.361
          ],
          [
            988.26,
            535.116
          ],
          [
            986.021,
            532.409
          ],
          [
            984.248,
            529.329
          ],
          [
            983.022,
            526.004
          ],
          [
            982.379,
            522.578
          ],
          [
            982.305,
            519.198
          ],
          [
            982.744,
            515.987
          ],
          [
            983.63,
            512.989
          ],
          [
            985.016,
            510.043
          ],
          [
            986.927,
            507.239
          ],
          [
            989.339,
            504.713
          ],
          [
            992.183,
            502.593
          ],
          [
            995.347,
            500.98
          ],
          [
            998.694,
            499.933
          ],
          [
            1002.075,
            499.462
          ],
          [
            1005.358,
            499.533
          ],
          [
            1018.467,
            501.681
          ],
          [
            1028.616,
            502.468
          ],
          [
            1038.853,
            502.404
          ],
          [
            1045.673,
            501.882
          ],
          [
            1052.453,
            500.979
          ],
          [
            1062.478,
            498.922
          ],
          [
            1072.236,
            496.052
          ],
          [
            1081.634,
            492.417
          ]
        ]
      }
    },
    {
      "type": "Feature",
      "properties": {
        "id": "pathway-312783",
        "sourceLayer": "S19093-0200S-Pathways and Service Access Roads$0$L-SECONDARY ROAD HATCH",
        "sourceObjectIndex": 312783,
        "sourceConfidence": "direct-geometry"
      },
      "geometry": {
        "type": "LineString",
        "coordinates": [
          [
            924.265,
            662.874
          ],
          [
            923.949,
            667.552
          ],
          [
            924.769,
            672.307
          ],
          [
            926.706,
            676.73
          ],
          [
            929.551,
            680.462
          ],
          [
            938.206,
            688.64
          ],
          [
            947.511,
            696.11
          ],
          [
            957.373,
            702.798
          ],
          [
            961.447,
            705.069
          ],
          [
            963.653,
            705.942
          ],
          [
            968.347,
            707.055
          ],
          [
            970.773,
            707.267
          ],
          [
            975.615,
            706.984
          ],
          [
            980.222,
            705.803
          ],
          [
            984.397,
            703.845
          ],
          [
            986.358,
            702.566
          ],
          [
            989.955,
            699.408
          ],
          [
            992.924,
            695.56
          ],
          [
            995.086,
            691.226
          ],
          [
            995.833,
            688.956
          ],
          [
            996.651,
            684.374
          ]
        ]
      }
    }
  ],
  "metadata": {
    "coordinateSpace": "KAGA-SOURCE-2D-V1",
    "axisDirection": {
      "x": "right",
      "y": "down"
    },
    "units": "model-meters-transformed-to-svg"
  }
}
